year,country_code,population,gdp_per_capita_2011ppp,gdp_per_capita_current_ppp,gdp_per_capita_current_usd
2006,ABW,100834,39613,36362,24045
2007,ABW,101222,40172,37865,25835
2008,ABW,101358,40081,38515,27085
2009,ABW,101455,35830,34693,24630
2010,ABW,101669,34437,33733,23513
2011,ABW,102046,35493,35493,24986
2012,ABW,102560,34831,35499,24714
2013,ABW,103159,36083,37420,25025
2014,ABW,103774,36173,38223,25534
2015,ABW,104341,35814,38249,25796
2016,ABW,104872,35558,38390,25240
2017,ABW,105366,35862,39455,25630
2018,ABW,105845,,,
2006,AFG,26433049,1124,1032,264
2007,AFG,27100536,1248,1176,360
2008,AFG,27722276,1268,1218,365
2009,AFG,28394813,1502,1455,438
2010,AFG,29185507,1672,1637,543
2011,AFG,30117413,1627,1627,591
2012,AFG,31161376,1773,1807,642
2013,AFG,32269589,1808,1875,637
2014,AFG,33370794,1796,1898,614
2015,AFG,34413603,1767,1887,578
2016,AFG,35383128,1757,1897,547
2017,AFG,36296400,1758,1935,556
2018,AFG,37172386,1735,1955,521
2006,AGO,20149901,5500,5049,2600
2007,AGO,20905363,6044,5697,3122
2008,AGO,21695634,6474,6221,4081
2009,AGO,22514281,6293,6093,3123
2010,AGO,23356246,6360,6230,3588
2011,AGO,24220661,6346,6346,4615
2012,AGO,25107931,6645,6773,5100
2013,AGO,26015780,6731,6980,5255
2014,AGO,26941779,6813,7199,5408
2015,AGO,27884381,6645,7097,4167
2016,AGO,28842484,6258,6757,3506
2017,AGO,29816748,6045,6651,4096
2018,AGO,30809762,5725,6452,3432
2006,ALB,2992547,7914,6560,2973
2007,ALB,2970017,8451,7276,3595
2008,ALB,2947314,9155,8228,4371
2009,ALB,2927519,9525,8815,4114
2010,ALB,2913021,9928,9628,4094
2011,ALB,2905195,10208,10208,4437
2012,ALB,2900401,10370,10526,4248
2013,ALB,2895092,10493,10571,4413
2014,ALB,2889104,10701,11259,4579
2015,ALB,2880703,10970,11662,3953
2016,ALB,2876101,11352,11868,4124
2017,ALB,2873457,11797,12930,4533
2018,ALB,2866376,12316,13364,5269
2006,AND,80993,,,43748
2007,AND,82684,,,48582
2008,AND,83862,,,47785
2009,AND,84463,,,43339
2010,AND,84449,,,39736
2011,AND,83747,,,41101
2012,AND,82427,,,38393
2013,AND,80774,,,40627
2014,AND,79213,,,42300
2015,AND,78011,,,36040
2016,AND,77297,,,37224
2017,AND,77001,,,39134
2018,AND,77006,,,42030
2006,ARE,5300174,87120,79971,41907
2007,ARE,6168838,77236,72802,41810
2008,ARE,7089487,69351,66641,44499
2009,ARE,7917372,58843,56976,32024
2010,ARE,8549988,55363,54230,33893
2011,ARE,8946777,56574,56574,39195
2012,ARE,9141596,57852,58961,40976
2013,ARE,9197910,60403,62642,42413
2014,ARE,9214175,62880,66444,43752
2015,ARE,9262900,65743,70212,38663
2016,ARE,9360980,67045,72386,38142
2017,ARE,9487203,66478,73138,39812
2018,ARE,9630959,66616,75075,43005
2006,ARG,39289878,16706,15335,5919
2007,ARG,39684295,18030,16995,7245
2008,ARG,40080160,18576,17850,9021
2009,ARG,40482788,17303,16753,8225
2010,ARG,40788453,18912,18525,10386
2011,ARG,41261490,19817,19817,12849
2012,ARG,41733271,19392,19764,13083
2013,ARG,42202935,19638,20366,13080
2014,ARG,42669500,18935,20008,12335
2015,ARG,43131966,19244,20552,13789
2016,ARG,43590368,18645,20130,12790
2017,ARG,44044811,18945,20843,14592
2018,ARG,44494502,18288,20611,11684
2006,ARM,2958307,6111,5609,2158
2007,ARM,2932618,7012,6609,3139
2008,ARM,2907618,7560,7265,4011
2009,ARM,2888092,6534,6327,2994
2010,ARM,2877319,6703,6566,3218
2011,ARM,2876538,7020,7020,3526
2012,ARM,2884229,7505,7649,3682
2013,ARM,2897584,7717,8003,3838
2014,ARM,2912403,7954,8405,3986
2015,ARM,2925553,8172,8727,3607
2016,ARM,2936146,8159,8809,3592
2017,ARM,2944809,8745,9621,3915
2018,ARM,2951776,9178,10343,4212
2006,ASM,59107,,,8392
2007,ASM,58365,,,8909
2008,ASM,57492,,,9793
2009,ASM,56683,,,11961
2010,ASM,56079,,,10271
2011,ASM,55759,,,10294
2012,ASM,55667,,,11569
2013,ASM,55713,,,11505
2014,ASM,55791,,,11507
2015,ASM,55812,,,11843
2016,ASM,55741,,,11697
2017,ASM,55620,,,10823
2018,ASM,55465,,,11467
2006,ATG,82704,24657,22634,13990
2007,ATG,84026,26517,24995,15607
2008,ATG,85397,26083,25064,16024
2009,ATG,86746,22569,21852,14113
2010,ATG,88028,20555,20135,13049
2011,ATG,89253,19876,19876,12746
2012,ATG,90409,20284,20673,13272
2013,ATG,91516,19918,20656,12910
2014,ATG,92562,20441,21599,13502
2015,ATG,93566,20995,22422,14286
2016,ATG,94527,21924,23670,15198
2017,ATG,95426,22400,24645,15383
2018,ATG,96286,23841,26868,16727
2006,AUS,20697900,39471,34307,36045
2007,AUS,20827600,40733,36560,40960
2008,AUS,21249200,41385,37459,49602
2009,AUS,21691700,41326,40300,42772
2010,AUS,22031750,41530,39324,52022
2011,AUS,22340024,41965,41965,62518
2012,AUS,22733465,42855,42827,68012
2013,AUS,23128129,43212,45902,68150
2014,AUS,23475686,43651,46880,62511
2015,AUS,23815995,43971,46276,56756
2016,AUS,24190907,44489,47306,49971
2017,AUS,24601860,44781,49629,54066
2018,AUS,24982688,45378,51663,57374
2006,AUT,8268641,42498,37623,40635
2007,AUT,8295487,43939,39393,46856
2008,AUT,8321496,44442,41316,51709
2009,AUT,8343323,42657,40927,47963
2010,AUT,8363404,43336,42006,46858
2011,AUT,8391643,44453,44453,51375
2012,AUT,8429991,44552,46457,48568
2013,AUT,8479823,44301,47922,50717
2014,AUT,8546356,44247,48800,51717
2015,AUT,8642699,44198,49879,44178
2016,AUT,8736668,44633,51810,45238
2017,AUT,8797566,45421,53937,47432
2018,AUT,8840521,46260,55455,51462
2006,AZE,8484550,10882,9989,2473
2007,AZE,8581300,13499,12724,3851
2008,AZE,8763400,14619,14048,5575
2009,AZE,8947243,15660,15163,4950
2010,AZE,9054332,16216,15884,5843
2011,AZE,9173082,15754,15754,7190
2012,AZE,9295784,15889,16193,7496
2013,AZE,9416801,16601,17216,7876
2014,AZE,9535079,16854,17809,7891
2015,AZE,9649341,16829,17973,5500
2016,AZE,9757812,16132,17417,3881
2017,AZE,9854033,15929,17525,4147
2018,AZE,9939800,16011,18044,4721
2006,BDI,7607849,707,649,167
2007,BDI,7862214,707,667,172
2008,BDI,8126102,718,690,198
2009,BDI,8397668,721,698,212
2010,BDI,8675602,734,719,234
2011,BDI,8958406,739,739,250
2012,BDI,9245988,748,762,252
2013,BDI,9540289,761,789,257
2014,BDI,9844297,768,812,275
2015,BDI,10160030,716,764,306
2016,BDI,10487998,689,744,282
2017,BDI,10827024,671,738,293
2018,BDI,11175378,660,744,272
2006,BEL,10547958,40141,35223,38673
2007,BEL,10625700,41313,36756,44263
2008,BEL,10709973,41171,37883,48107
2009,BEL,10796493,40016,37757,44584
2010,BEL,10895586,40787,39837,44142
2011,BEL,11038264,40942,40942,47349
2012,BEL,11106932,40990,42291,44673
2013,BEL,11159407,40985,43671,46745
2014,BEL,11209057,41447,44930,47701
2015,BEL,11274196,42045,46213,40992
2016,BEL,11331422,42465,47855,42012
2017,BEL,11375158,43133,50221,44220
2018,BEL,11433256,43582,51408,47519
2006,BEN,8216897,1753,1609,626
2007,BEN,8454793,1806,1702,706
2008,BEN,8696921,1841,1769,820
2009,BEN,8944708,1832,1774,793
2010,BEN,9199259,1819,1782,758
2011,BEN,9460830,1821,1821,827
2012,BEN,9729248,1856,1892,838
2013,BEN,10004588,1935,2006,916
2014,BEN,10286842,2001,2114,945
2015,BEN,10575952,1987,2122,784
2016,BEN,10872067,2010,2170,789
2017,BEN,11175204,2069,2277,829
2018,BEN,11485048,2152,2425,902
2006,BFA,13829176,1306,1199,421
2007,BFA,14252021,1339,1262,475
2008,BFA,14689725,1394,1339,570
2009,BFA,15141098,1392,1348,553
2010,BFA,15605217,1423,1394,575
2011,BFA,16081911,1473,1473,667
2012,BFA,16571246,1521,1551,674
2013,BFA,17072775,1562,1620,700
2014,BFA,17586017,1582,1672,704
2015,BFA,18110624,1596,1705,575
2016,BFA,18646378,1642,1773,583
2017,BFA,19193284,1697,1867,642
2018,BFA,19751535,1761,1985,715
2006,BGD,140921167,2095,1923,510
2007,BGD,142660376,2216,2089,558
2008,BGD,144304167,2322,2232,635
2009,BGD,145924797,2413,2336,702
2010,BGD,147575430,2518,2467,781
2011,BGD,149273778,2651,2651,862
2012,BGD,151007807,2791,2845,883
2013,BGD,152764676,2925,3033,982
2014,BGD,154520167,3067,3241,1119
2015,BGD,156256276,3232,3451,1248
2016,BGD,157970840,3424,3697,1402
2017,BGD,159670593,3634,3998,1564
2018,BGD,161356039,3879,4372,1698
2006,BGR,7601022,13375,11314,4490
2007,BGR,7545338,14463,12801,5886
2008,BGR,7492561,15442,14329,7262
2009,BGR,7444443,14985,14146,6970
2010,BGR,7395599,15283,14934,6843
2011,BGR,7348328,15676,15676,7814
2012,BGR,7305888,15772,16208,7378
2013,BGR,7265115,15939,16571,7647
2014,BGR,7223938,16324,17534,7865
2015,BGR,7177991,16999,18186,6994
2016,BGR,7127822,17793,19500,7469
2017,BGR,7075947,18606,20948,8228
2018,BGR,7025037,19321,21960,9273
2006,BHR,958418,42673,39171,19308
2007,BHR,1035919,42754,40300,20977
2008,BHR,1114641,42215,40566,23067
2009,BHR,1185076,40715,39422,19356
2010,BHR,1240860,40571,39741,20722
2011,BHR,1278151,40168,40168,22514
2012,BHR,1299943,40967,41753,23654
2013,BHR,1315029,42691,44273,24744
2014,BHR,1336075,43847,46332,24989
2015,BHR,1371851,43926,46912,22689
2016,BHR,1425791,43732,47216,22619
2017,BHR,1494074,43321,47661,23715
2018,BHR,1569439,41973,47303,24051
2006,BHS,331033,33038,30326,30714
2007,BHS,337389,32884,30996,31472
2008,BHS,343681,31532,30300,30627
2009,BHS,349604,29703,28761,28552
2010,BHS,354942,29707,29099,28443
2011,BHS,359577,29504,29504,28006
2012,BHS,363584,30079,30656,29486
2013,BHS,367168,28906,29978,28768
2014,BHS,370633,28847,30482,29445
2015,BHS,374206,28742,30696,31406
2016,BHS,377931,28586,30863,31589
2017,BHS,381761,28318,31155,31827
2018,BHS,385640,28472,32088,32218
2006,BIH,3765424,8813,7406,3417
2007,BIH,3762786,9335,8189,4193
2008,BIH,3754271,9864,9029,5091
2009,BIH,3735938,9615,9030,4715
2010,BIH,3705472,9768,9348,4636
2011,BIH,3661175,9976,9976,5093
2012,BIH,3604972,10061,10304,4779
2013,BIH,3542605,10479,11017,5131
2014,BIH,3482104,10783,11433,5330
2015,BIH,3429361,11287,12014,4727
2016,BIH,3386267,11791,12824,4995
2017,BIH,3351527,12166,13735,5395
2018,BIH,3323929,12712,14624,6066
2006,BLR,9604924,12429,11409,3847
2007,BLR,9560953,13560,12782,4736
2008,BLR,9527985,14995,14409,6377
2009,BLR,9506765,15059,14581,5351
2010,BLR,9490583,16261,15928,6181
2011,BLR,9473172,17167,17167,6519
2012,BLR,9464495,17472,17807,6940
2013,BLR,9465997,17645,18299,7979
2014,BLR,9474511,17933,18950,8319
2015,BLR,9489616,17219,18390,5949
2016,BLR,9501534,16763,18098,5023
2017,BLR,9498264,17193,18916,5762
2018,BLR,9483499,17742,19995,6290
2006,BLZ,291329,7859,7214,4179
2007,BLZ,299025,7742,7297,4316
2008,BLZ,306823,7789,7484,4461
2009,BLZ,314655,7646,7403,4243
2010,BLZ,322464,7713,7555,4271
2011,BLZ,330237,7694,7694,4423
2012,BLZ,338000,7738,7887,4506
2013,BLZ,345715,7630,7913,4569
2014,BLZ,353366,7741,8179,4706
2015,BLZ,360933,7838,8371,4776
2016,BLZ,368400,7634,8243,4818
2017,BLZ,375769,7592,8353,4888
2018,BLZ,383071,7674,8648,4885
2006,BMU,64523,58785,53961,83913
2007,BMU,64888,60117,56666,90850
2008,BMU,65273,60676,58305,93606
2009,BMU,65636,57152,55338,88463
2010,BMU,65124,56395,55241,88207
2011,BMU,64564,54985,54985,85973
2012,BMU,64798,52137,53137,85458
2013,BMU,65001,50669,52547,85748
2014,BMU,65139,,,
2015,BMU,65239,,,
2016,BMU,64555,,,
2017,BMU,63874,,,
2018,BMU,63973,,,
2006,BOL,9395446,4779,4387,1219
2007,BOL,9558439,4912,4630,1373
2008,BOL,9721454,5126,4926,1715
2009,BOL,9884781,5211,5045,1754
2010,BOL,10048590,5337,5228,1955
2011,BOL,10212954,5525,5525,2346
2012,BOL,10377676,5716,5825,2610
2013,BOL,10542376,6009,6231,2908
2014,BOL,10706517,6240,6593,3082
2015,BOL,10869730,6444,6882,3036
2016,BOL,11031813,6620,7148,3077
2017,BOL,11192854,6799,7480,3351
2018,BOL,11353142,6986,7873,3549
2006,BRA,188167356,12702,11659,5886
2007,BRA,190130443,13334,12568,7348
2008,BRA,192030362,13874,13332,8831
2009,BRA,193886508,13724,13288,8598
2010,BRA,195713635,14620,14320,11286
2011,BRA,197514534,15062,15062,13246
2012,BRA,199287296,15215,15507,12370
2013,BRA,201035903,15536,16111,12300
2014,BRA,202763735,15481,16358,12113
2015,BRA,204471769,14807,15814,8814
2016,BRA,206163058,14200,15332,8713
2017,BRA,207833831,14236,15662,9881
2018,BRA,209469333,14283,16096,8921
2006,BRB,277477,17539,16099,15199
2007,BRB,278700,17786,16765,16771
2008,BRB,279946,17869,17171,17092
2009,BRB,281104,16930,16393,15886
2010,BRB,282131,16503,16165,16056
2011,BRB,282987,16322,16322,16459
2012,BRB,283700,16270,16582,16250
2013,BRB,284296,16014,16607,16452
2014,BRB,284825,15957,16861,16489
2015,BRB,285324,16280,17387,16562
2016,BRB,285796,16624,17948,16937
2017,BRB,286233,16570,18230,17432
2018,BRB,286641,16464,18554,17949
2006,BRN,370263,85422,78412,30980
2007,BRN,374965,84481,79631,32664
2008,BRN,379421,81869,78671,37934
2009,BRN,383906,79485,76962,27956
2010,BRN,388646,80556,78908,35270
2011,BRN,393688,82503,82503,47056
2012,BRN,398989,82150,83725,47742
2013,BRN,404421,79323,82263,44740
2014,BRN,409769,76449,80782,41727
2015,BRN,414907,75074,80178,31165
2016,BRN,419800,72370,78135,27158
2017,BRN,424473,72524,79789,28572
2018,BRN,428962,71802,80920,31628
2006,BTN,657410,4676,4318,1331
2007,BTN,664876,5472,5181,1757
2008,BTN,671613,5678,5472,1828
2009,BTN,678323,6001,5823,1819
2010,BTN,685503,6647,6517,2258
2011,BTN,693298,7097,7097,2563
2012,BTN,701583,7372,7514,2539
2013,BTN,710238,7437,7713,2473
2014,BTN,719056,7770,8108,2652
2015,BTN,727876,8186,8706,2753
2016,BTN,736709,8745,9392,2931
2017,BTN,745568,9043,9861,3287
2018,BTN,754394,9208,10168,3243
2006,BWA,1835908,12421,11401,5516
2007,BWA,1875459,13165,12409,5833
2008,BWA,1915639,13694,13159,5714
2009,BWA,1953498,12401,12007,5256
2010,BWA,1987105,13235,12964,6435
2011,BWA,2015402,13839,13839,7617
2012,BWA,2039551,14284,14558,7878
2013,BWA,2062536,15727,16310,7225
2014,BWA,2088614,16175,17092,7781
2015,BWA,2120716,15660,16725,6800
2016,BWA,2159944,16037,17315,7244
2017,BWA,2205128,16165,17785,7893
2018,BWA,2254126,16518,18616,8259
2006,CAF,4118069,863,792,355
2007,CAF,4198010,885,835,404
2008,CAF,4273366,888,853,465
2009,CAF,4337625,950,919,475
2010,CAF,4386768,982,962,488
2011,CAF,4418636,1016,1016,551
2012,CAF,4436415,1063,1084,566
2013,CAF,4447942,675,700,380
2014,CAF,4464175,673,711,424
2015,CAF,4493170,697,745,377
2016,CAF,4537687,723,781,402
2017,CAF,4596028,746,821,450
2018,CAF,4666377,763,860,476
2006,CAN,32571174,39334,37999,40386
2007,CAN,32889025,41629,39440,44543
2008,CAN,33247118,41596,40276,46594
2009,CAN,33628895,39919,38797,40773
2010,CAN,34004889,40698,40012,47450
2011,CAN,34339328,41569,41569,52102
2012,CAN,34714222,41845,42189,52542
2013,CAN,35082954,42370,44189,52505
2014,CAN,35437435,43150,45646,50836
2015,CAN,35702908,43124,44568,43495
2016,CAN,36109487,43111,45012,42280
2017,CAN,36543321,43871,46723,45070
2018,CAN,37057765,44078,48130,46233
2006,CHE,7483934,54532,45106,57580
2007,CHE,7551117,56269,49746,63555
2008,CHE,7647675,56756,52585,72488
2009,CHE,7743831,54806,51769,69927
2010,CHE,7824909,55866,53068,74606
2011,CHE,7912398,56184,56184,88416
2012,CHE,7996861,56150,57850,83538
2013,CHE,8089346,56536,60109,85112
2014,CHE,8188649,57218,61902,86606
2015,CHE,8282396,57325,63939,82082
2016,CHE,8373338,57679,64324,80172
2017,CHE,8451840,58171,66396,80450
2018,CHE,8513227,59317,68061,82797
2006,CHI,153008,,,63240
2007,CHI,154636,,,74463
2008,CHI,156433,,,
2009,CHI,158178,,,
2010,CHI,159734,,,
2011,CHI,160998,,,
2012,CHI,162056,,,
2013,CHI,163038,,,
2014,CHI,164100,,,
2015,CHI,165385,,,
2016,CHI,166923,,,
2017,CHI,168665,,,
2018,CHI,170499,,,
2006,CHL,16354504,17853,15754,9465
2007,CHL,16530195,18529,16942,10502
2008,CHL,16708258,18979,16502,10751
2009,CHL,16886186,18485,16160,10209
2010,CHL,17062536,19363,18162,12808
2011,CHL,17233576,20343,20343,14637
2012,CHL,17400347,21219,21508,15352
2013,CHL,17571507,21862,22439,15843
2014,CHL,17758959,22014,22787,14671
2015,CHL,17969353,22257,22688,13574
2016,CHL,18209068,22331,22874,13748
2017,CHL,18470439,22297,24249,15037
2018,CHL,18729160,22874,25223,15923
2006,CHN,1311020000,6392,5868,2099
2007,CHN,1317885000,7264,6847,2694
2008,CHN,1324655000,7925,7615,3468
2009,CHN,1331260000,8627,8353,3832
2010,CHN,1337705000,9498,9304,4550
2011,CHN,1344130000,10355,10355,5618
2012,CHN,1350695000,11115,11328,6317
2013,CHN,1357380000,11920,12361,7051
2014,CHN,1364270000,12725,13446,7651
2015,CHN,1371220000,13535,14455,8033
2016,CHN,1378665000,14369,15513,8079
2017,CHN,1386395000,15254,16782,8759
2018,CHN,1392730000,16182,18237,9771
2006,CIV,18754916,2662,2444,949
2007,CIV,19171237,2650,2498,1061
2008,CIV,19605569,2658,2554,1236
2009,CIV,20059147,2682,2597,1210
2010,CIV,20532950,2673,2618,1212
2011,CIV,21028655,2495,2495,1207
2012,CIV,21547188,2696,2748,1243
2013,CIV,22087505,2864,2970,1415
2014,CIV,22647683,3039,3211,1559
2015,CIV,23226143,3225,3444,1426
2016,CIV,23822714,3395,3666,1482
2017,CIV,24437469,3565,3922,1557
2018,CIV,25069229,3733,4207,1716
2006,CMR,18223674,2798,2568,1062
2007,CMR,18730282,2856,2692,1194
2008,CMR,19252666,2875,2763,1372
2009,CMR,19789919,2859,2768,1315
2010,CMR,20341241,2876,2818,1285
2011,CMR,20906388,2914,2914,1403
2012,CMR,21485266,2965,3021,1355
2013,CMR,22077298,3041,3154,1465
2014,CMR,22681858,3134,3312,1541
2015,CMR,23298368,3224,3443,1327
2016,CMR,23926539,3285,3547,1363
2017,CMR,24566045,3313,3645,1422
2018,CMR,25216237,3359,3785,1534
2006,COD,56578037,605,556,255
2007,COD,58453683,623,587,286
2008,COD,60411195,640,615,328
2009,COD,62448574,637,617,299
2010,COD,64563854,660,646,334
2011,COD,66755153,682,682,387
2012,COD,69020747,706,720,425
2013,COD,71358807,741,769,458
2014,COD,73767447,785,829,487
2015,COD,76244544,812,867,497
2016,COD,78789127,805,869,471
2017,COD,81398764,808,889,467
2018,COD,84068091,827,932,562
2006,COG,3745141,5003,4592,2064
2007,COG,3876119,4757,4484,2166
2008,COG,4011486,4853,4663,2956
2009,COG,4145391,5047,4886,2314
2010,COG,4273731,5323,5215,2810
2011,COG,4394844,5354,5354,3282
2012,COG,4510198,5415,5519,3033
2013,COG,4622761,5465,5668,3047
2014,COG,4736974,5695,6018,2993
2015,COG,4856095,5702,6090,1761
2016,COG,4980999,5404,5834,1814
2017,COG,5110702,5103,5614,1703
2018,COG,5244363,5024,5662,2148
2006,COK,,,,
2007,COK,,,,
2008,COK,,,,
2009,COK,,,,
2010,COK,,,,
2012,COK,,,,
2013,COK,,,,
2014,COK,,,,
2015,COK,,,,
2016,COK,15200,,,19183
2017,COK,15200,,,19741
2018,COK,15200,,,20705
2006,COL,43200897,9844,9036,3731
2007,COL,43737516,10389,9793,4703
2008,COL,44254975,10602,10188,5462
2009,COL,44750054,10611,10274,5195
2010,COL,45222700,10957,10733,6327
2011,COL,45663099,11650,11650,7324
2012,COL,46076848,11996,12226,8043
2013,COL,46497267,12431,12891,8213
2014,COL,46969209,12888,13618,8114
2015,COL,47520667,13115,14006,6176
2016,COL,48171392,13207,14260,5871
2017,COL,48901066,13186,14507,6376
2018,COL,49648685,13321,15013,6668
2006,COM,626425,2379,2183,1114
2007,COM,641620,2341,2207,1238
2008,COM,657229,2377,2284,1388
2009,COM,673252,2394,2318,1339
2010,COM,689692,2426,2377,1315
2011,COM,706569,2465,2465,1446
2012,COM,723871,2483,2531,1403
2013,COM,741505,2533,2627,1505
2014,COM,759390,2526,2669,1512
2015,COM,777424,2495,2664,1242
2016,COM,795592,2519,2719,1272
2017,COM,813892,2556,2812,1321
2018,COM,832322,2585,2913,1415
2006,CPV,469170,5072,4656,2361
2007,CPV,475060,5769,5438,3187
2008,CPV,480842,6079,5841,3721
2009,CPV,486671,5929,5741,3517
2010,CPV,492654,5943,5822,3378
2011,CPV,498856,6102,6102,3740
2012,CPV,505235,6091,6207,3448
2013,CPV,511748,6061,6286,3616
2014,CPV,518269,6022,6363,3589
2015,CPV,524743,6007,6416,3043
2016,CPV,531146,6214,6709,3131
2017,CPV,537497,6368,7006,3293
2018,CPV,543767,6614,7454,3635
2006,CRI,4345412,11558,10610,5202
2007,CRI,4404628,12334,11626,6072
2008,CRI,4463125,12738,12241,6859
2009,CRI,4520740,12454,12059,6760
2010,CRI,4577378,12909,12645,8142
2011,CRI,4633086,13303,13303,9122
2012,CRI,4688000,13778,14042,9913
2013,CRI,4742107,13930,14446,10490
2014,CRI,4795396,14259,15067,10547
2015,CRI,4847804,14617,15611,11299
2016,CRI,4899345,15077,16279,11666
2017,CRI,4949954,15430,16976,11753
2018,CRI,4999441,15680,17671,12027
2006,CUB,11261248,,,4684
2007,CUB,11251122,,,5209
2008,CUB,11236971,,,5411
2009,CUB,11226709,,,5530
2010,CUB,11225832,,,5730
2011,CUB,11236670,,,6140
2012,CUB,11257101,,,6497
2013,CUB,11282720,,,6838
2014,CUB,11306902,,,7133
2015,CUB,11324781,,,7694
2016,CUB,11335109,,,8061
2017,CUB,11339259,,,8541
2018,CUB,11338138,,,8822
2006,CUW,141239,28416,26085,
2007,CUW,144056,28549,26910,
2008,CUW,145880,28809,27683,
2009,CUW,146833,28470,27566,
2010,CUW,148703,28135,27559,
2011,CUW,150831,27908,27908,20146
2012,CUW,152088,27639,28169,20587
2013,CUW,153822,27110,28115,20463
2014,CUW,155909,26443,27942,20258
2015,CUW,157980,26169,27948,19951
2016,CUW,159664,25637,27680,19555
2017,CUW,160175,25111,27627,19458
2018,CUW,159800,24617,27743,19568
2006,CYM,50740,76373,70106,83323
2007,CYM,52280,76468,72078,85434
2008,CYM,53836,73992,71101,85188
2009,CYM,55322,66820,64699,77398
2010,CYM,56672,63457,62159,73351
2011,CYM,57878,62861,62861,72328
2012,CYM,58958,62469,63667,72783
2013,CYM,59932,62240,64546,73516
2014,CYM,60848,62930,66497,74990
2015,CYM,61724,63794,68131,76280
2016,CYM,62569,64881,70050,78296
2017,CYM,63382,65996,72608,81125
2018,CYM,64174,,,
2006,CYP,1045507,34527,29984,26729
2007,CYP,1063713,35523,32850,31245
2008,CYP,1081563,35905,34830,35397
2009,CYP,1098083,34250,33892,32109
2010,CYP,1112612,34038,33421,31024
2011,CYP,1124833,33314,33314,32396
2012,CYP,1135046,31679,31834,28912
2013,CYP,1143866,29672,30375,27729
2014,CYP,1152285,29441,30043,27130
2015,CYP,1160985,30608,31722,23334
2016,CYP,1170187,32524,34379,24533
2017,CYP,1179680,33628,36875,26339
2018,CYP,1189265,34569,38513,28690
2006,CZE,10238905,27474,23776,15184
2007,CZE,10298828,28844,26125,18374
2008,CZE,10384603,29373,27845,22699
2009,CZE,10443936,27804,27599,19742
2010,CZE,10474410,28353,27667,19808
2011,CZE,10496088,28797,28797,21717
2012,CZE,10510785,28527,29047,19730
2013,CZE,10514272,28380,30486,19916
2014,CZE,10525347,29120,32263,19745
2015,CZE,10546059,30605,33691,17716
2016,CZE,10566332,31295,35231,18463
2017,CZE,10594438,32571,38020,20380
2018,CZE,10629928,33436,39744,23079
2006,DEU,82376451,39052,34125,36323
2007,DEU,82266372,40271,36252,41587
2008,DEU,82110097,40736,37802,45427
2009,DEU,81902307,38512,36823,41486
2010,DEU,81776930,40183,38950,41532
2011,DEU,80274983,42542,42542,46645
2012,DEU,80425823,42640,43360,43858
2013,DEU,80645605,42706,44994,46286
2014,DEU,80982500,43475,47012,47960
2015,DEU,81686611,43850,47684,41140
2016,DEU,82348669,44467,49516,42099
2017,DEU,82657002,45393,52055,44240
2018,DEU,82905782,45936,53075,47603
2006,DJI,794563,,,968
2007,DJI,805451,,,1053
2008,DJI,816358,,,1224
2009,DJI,827823,,,1267
2010,DJI,840198,,,1343
2011,DJI,853674,2744,2744,1452
2012,DJI,868136,,,1559
2013,DJI,883293,,,2313
2014,DJI,898696,,,2466
2015,DJI,913993,,,2676
2016,DJI,929112,,,2818
2017,DJI,944097,,,2931
2018,DJI,958920,,,3083
2006,DMA,70718,9088,8342,5518
2007,DMA,70795,9655,9101,5952
2008,DMA,70827,10338,9934,6469
2009,DMA,70851,10214,9889,6903
2010,DMA,70878,10278,10068,6967
2011,DMA,70916,10250,10250,7065
2012,DMA,70965,10134,10329,6848
2013,DMA,71016,10026,10397,7017
2014,DMA,71085,10462,11055,7318
2015,DMA,71183,10166,10857,7596
2016,DMA,71307,10408,11237,8081
2017,DMA,71458,9680,10649,7275
2018,DMA,71625,9876,11130,7691
2006,DNK,5437272,46160,37296,52027
2007,DNK,5461438,46374,38969,58487
2008,DNK,5493621,45866,41278,64322
2009,DNK,5523095,43383,40340,58163
2010,DNK,5547683,43998,43000,58041
2011,DNK,5570572,44403,44403,61754
2012,DNK,5591572,44337,44804,58508
2013,DNK,5614932,44564,46727,61191
2014,DNK,5643475,45057,47901,62549
2015,DNK,5683483,45788,49059,53255
2016,DNK,5728010,46907,50877,54664
2017,DNK,5764980,47555,54283,57141
2018,DNK,5793636,48419,55671,61350
2006,DOM,9218686,9858,9049,4135
2007,DOM,9338861,10453,9853,4708
2008,DOM,9458075,10653,10237,5088
2009,DOM,9576737,10620,10283,5039
2010,DOM,9695121,11365,11133,5555
2011,DOM,9813210,11581,11581,5913
2012,DOM,9930911,11754,11980,6110
2013,DOM,10048224,12183,12635,6238
2014,DOM,10165178,12892,13623,6609
2015,DOM,10281680,13629,14556,6922
2016,DOM,10397743,14375,15520,7281
2017,DOM,10513131,14880,16371,7609
2018,DOM,10627165,15748,17748,8051
2006,DZA,33641002,12397,11380,3479
2007,DZA,34166972,12622,11897,3951
2008,DZA,34730608,12715,12218,4924
2009,DZA,35333881,12698,12295,3883
2010,DZA,35977455,12919,12655,4481
2011,DZA,36661444,13046,13046,5456
2012,DZA,37383887,13229,13483,5592
2013,DZA,38140132,13330,13824,5500
2014,DZA,38923687,13558,14326,5493
2015,DZA,39728025,13775,14711,4178
2016,DZA,40551404,13927,15036,3946
2017,DZA,41389198,13822,15207,4044
2018,DZA,42228429,13737,15482,4115
2006,ECU,14059384,8780,8059,3329
2007,ECU,14296557,8823,8317,3568
2008,ECU,14535739,9230,8869,4249
2009,ECU,14774424,9132,8842,4232
2010,ECU,15011117,9305,9114,4634
2011,ECU,15243883,9884,9884,5201
2012,ECU,15474102,10286,10483,5682
2013,ECU,15707474,10634,11028,6056
2014,ECU,15951838,10868,11484,6377
2015,ECU,16212020,10704,11432,6124
2016,ECU,16491115,10394,11222,6060
2017,ECU,16785361,10454,11501,6214
2018,ECU,17084357,10412,11734,6345
2006,EGY,76873663,8541,7840,1398
2007,EGY,78232126,8987,8471,1668
2008,EGY,79636079,9461,9091,2045
2009,EGY,81134798,9720,9411,2329
2010,EGY,82761235,10019,9814,2645
2011,EGY,84529250,9983,9983,2792
2012,EGY,86422240,9982,10173,3233
2013,EGY,88404640,9971,10341,3264
2014,EGY,90424654,10032,10601,3379
2015,EGY,92442547,10243,10939,3599
2016,EGY,94447072,10461,11294,3525
2017,EGY,96442593,10673,11742,2441
2018,EGY,98423595,11014,12412,2549
2006,ERI,2918205,2194,2014,415
2007,ERI,2996536,2167,2043,440
2008,ERI,3062779,1913,1838,451
2009,ERI,3119920,1951,1889,595
2010,ERI,3170435,1962,1921,668
2011,ERI,3213972,2103,2103,811
2012,ERI,,,,
2013,ERI,,,,
2014,ERI,,,,
2015,ERI,,,,
2016,ERI,,,,
2017,ERI,,,,
2018,ERI,,,,
2006,ESP,44397319,33574,30688,28365
2007,ESP,45226803,34146,32438,32550
2008,ESP,45954106,33904,33263,35366
2009,ESP,46362946,32340,32099,32042
2010,ESP,46576897,32244,31680,30503
2011,ESP,46742697,31868,31868,31636
2012,ESP,46773055,30905,31720,28324
2013,ESP,46620045,30561,32434,29060
2014,ESP,46480882,31077,33526,29462
2015,ESP,46444832,32294,34912,25732
2016,ESP,46484062,33245,36555,26506
2017,ESP,46593236,34126,38889,28101
2018,ESP,46796540,34831,39715,30371
2006,EST,1346810,25336,19313,12632
2007,EST,1340680,27379,22170,16742
2008,EST,1337090,26055,22830,18227
2009,EST,1334515,22338,20598,14795
2010,EST,1331475,22995,21797,14784
2011,EST,1327439,24781,24781,17624
2012,EST,1322696,25643,26191,17534
2013,EST,1317997,26081,27643,19174
2014,EST,1314545,26931,29136,20367
2015,EST,1315407,27410,29397,17522
2016,EST,1315790,28123,30913,18237
2017,EST,1317384,29704,33675,20338
2018,EST,1321977,31035,35974,23266
2006,ETH,78489206,794,728,195
2007,ETH,80674348,860,811,244
2008,ETH,82916235,928,891,326
2009,ETH,85233913,982,951,381
2010,ETH,87639964,1075,1053,342
2011,ETH,90139927,1162,1162,354
2012,ETH,92726971,1227,1250,467
2013,ETH,95385785,1319,1368,500
2014,ETH,98094253,1414,1494,567
2015,ETH,100835458,1518,1622,641
2016,ETH,103603501,1617,1746,717
2017,ETH,106400024,1724,1897,768
2018,ETH,109224559,1794,2022,772
2006,FIN,5266268,40556,34419,41188
2007,FIN,5288720,42523,37802,48415
2008,FIN,5313399,42658,40084,53554
2009,FIN,5338871,39026,37980,47294
2010,FIN,5363352,40086,38953,46460
2011,FIN,5388272,40917,40917,51082
2012,FIN,5413971,40154,40873,47711
2013,FIN,5438972,39608,41493,49878
2014,FIN,5461512,39301,41757,50260
2015,FIN,5479531,39391,42535,42811
2016,FIN,5495303,40311,44016,43777
2017,FIN,5508214,41443,46735,46192
2018,FIN,5515525,42061,48417,50152
2006,FJI,827870,7509,6893,3748
2007,FJI,836190,7371,6948,4072
2008,FJI,845361,7366,7079,4168
2009,FJI,853637,7194,6966,3363
2010,FJI,859818,7353,7203,3653
2011,FJI,863449,7520,7520,4371
2012,FJI,865069,7612,7758,4592
2013,FJI,865608,7968,8263,4841
2014,FJI,866453,8406,8882,5606
2015,FJI,868627,8776,9373,5391
2016,FJI,872399,8957,9671,5651
2017,FJI,877459,9389,10329,6101
2018,FJI,883483,9654,10879,6267
2006,FRA,63621381,37007,32435,36444
2007,FRA,64016225,37671,34088,41508
2008,FRA,64374984,37556,35095,45334
2009,FRA,64707040,36290,34685,41575
2010,FRA,65027507,36815,35900,40638
2011,FRA,65342780,37441,37441,43791
2012,FRA,65659809,37377,37679,40875
2013,FRA,65998687,37399,39524,42593
2014,FRA,66312067,37576,40142,43009
2015,FRA,66548272,37836,40833,36613
2016,FRA,66721256,38098,42047,36962
2017,FRA,66865144,38956,44256,38679
2018,FRA,66977107,39556,45342,41464
2006,FRO,47792,,,41523
2007,FRO,47825,,,47886
2008,FRO,47820,,,50866
2009,FRO,47808,,,47448
2010,FRO,47814,,,48530
2011,FRO,47823,,,52084
2012,FRO,47843,,,49460
2013,FRO,47892,,,54854
2014,FRO,47960,,,59440
2015,FRO,48051,,,52405
2016,FRO,48173,,,55823
2017,FRO,48331,,,
2018,FRO,48497,,,
2006,FSM,105371,3288,3018,2406
2007,FSM,104444,3256,3069,2459
2008,FSM,103543,3205,3080,2541
2009,FSM,102975,3258,3155,2722
2010,FSM,102911,3334,3266,2885
2011,FSM,103450,3422,3422,3009
2012,FSM,104506,3324,3388,3131
2013,FSM,105926,3159,3276,2995
2014,FSM,107446,3043,3215,2971
2015,FSM,108895,3141,3355,2906
2016,FSM,110215,3131,3381,3015
2017,FSM,111459,3179,3498,3290
2018,FSM,112640,3153,3553,3568
2006,GAB,1430152,16023,14708,7215
2007,GAB,1472575,16496,15550,8447
2008,GAB,1518540,15468,14864,10213
2009,GAB,1568928,14991,14515,7690
2010,GAB,1624140,15508,15190,8841
2011,GAB,1684635,16011,16011,10796
2012,GAB,1749682,16225,16537,9814
2013,GAB,1817071,16505,17116,9681
2014,GAB,1883800,16607,17548,9651
2015,GAB,1947686,16685,17820,7382
2016,GAB,2007873,16524,17840,6980
2017,GAB,2064823,16145,17762,7213
2018,GAB,2119275,15862,17876,7953
2006,GBR,60846820,38159,34767,44600
2007,GBR,61322463,38783,35600,50567
2008,GBR,61806995,38371,36660,47287
2009,GBR,62276270,36464,35003,38713
2010,GBR,62766365,36885,36341,39436
2011,GBR,63258810,37161,37161,42039
2012,GBR,63700215,37450,38312,42463
2013,GBR,64128273,37996,39971,43445
2014,GBR,64602298,38694,41259,47418
2015,GBR,65116219,39292,42510,44966
2016,GBR,65611593,39760,43544,41074
2017,GBR,66058859,40229,45379,40361
2018,GBR,66460344,40522,45974,42944
2006,GEO,3880347,6031,5536,1996
2007,GEO,3860158,6825,6433,2635
2008,GEO,3848449,7011,6738,3325
2009,GEO,3814419,6816,6599,2823
2010,GEO,3786695,7295,7146,3233
2011,GEO,3756441,7898,7898,4022
2012,GEO,3728874,8465,8628,4422
2013,GEO,3717668,8796,9122,4624
2014,GEO,3719414,9179,9700,4739
2015,GEO,3725276,9440,10081,4014
2016,GEO,3727505,9708,10481,4062
2017,GEO,3728004,10172,11191,4357
2018,GEO,3726549,10652,12005,4717
2006,GHA,22379055,2601,2387,912
2007,GHA,22963946,2645,2493,1078
2008,GHA,23563825,2813,2703,1211
2009,GHA,24170940,2875,2784,1075
2010,GHA,24779619,3026,2964,1298
2011,GHA,25387710,3369,3369,1558
2012,GHA,25996449,3596,3665,1613
2013,GHA,26607642,3770,3910,2378
2014,GHA,27224472,3791,4006,1969
2015,GHA,27849205,3787,4044,1766
2016,GHA,28481946,3830,4136,1931
2017,GHA,29121471,4051,4457,2026
2018,GHA,29767108,4212,4747,2202
2006,GIB,33417,,,
2007,GIB,33517,,,
2008,GIB,33559,,,
2009,GIB,33565,,,
2010,GIB,33585,,,
2011,GIB,33612,,,
2012,GIB,33646,,,
2013,GIB,33692,,,
2014,GIB,33725,,,
2015,GIB,33736,,,
2016,GIB,33737,,,
2017,GIB,33728,,,
2018,GIB,33718,,,
2006,GIN,9307425,1583,1453,453
2007,GIN,9518162,1654,1559,660
2008,GIN,9738792,1683,1617,715
2009,GIN,9964469,1626,1575,674
2010,GIN,10192176,1666,1632,672
2011,GIN,10420471,1721,1721,651
2012,GIN,10652029,1784,1818,717
2013,GIN,10892810,1813,1880,769
2014,GIN,11150977,1837,1941,787
2015,GIN,11432088,1860,1986,769
2016,GIN,11738441,2007,2167,733
2017,GIN,12067539,2154,2370,856
2018,GIN,12414318,2223,2505,879
2006,GMB,1591445,2311,2121,662
2007,GMB,1639848,2311,2178,780
2008,GMB,1689285,2384,2290,925
2009,GMB,1740279,2468,2390,833
2010,GMB,1793196,2537,2485,861
2011,GMB,1848147,2261,2261,763
2012,GMB,1905011,2309,2353,743
2013,GMB,1963711,2304,2389,701
2014,GMB,2024042,2204,2329,607
2015,GMB,2085860,2225,2376,661
2016,GMB,2149139,2202,2377,683
2017,GMB,2213894,2240,2465,680
2018,GMB,2280102,2318,2612,716
2006,GNB,1377581,1372,1260,430
2007,GNB,1411543,1383,1304,493
2008,GNB,1446936,1393,1338,598
2009,GNB,1483921,1404,1359,557
2010,GNB,1522599,1431,1402,558
2011,GNB,1562989,1507,1507,703
2012,GNB,1604979,1442,1470,616
2013,GNB,1648257,1450,1504,634
2014,GNB,1692439,1426,1507,622
2015,GNB,1737202,1474,1574,603
2016,GNB,1782437,1527,1648,661
2017,GNB,1828146,1577,1735,737
2018,GNB,1874309,1596,1799,778
2006,GNQ,784496,32619,29942,12857
2007,GNQ,821687,35901,33841,15908
2008,GNQ,860840,40368,38791,22943
2009,GNQ,901599,39061,37821,16668
2010,GNQ,943639,33990,33295,17272
2011,GNQ,986853,34622,34622,21614
2012,GNQ,1031191,35888,36576,21712
2013,GNQ,1076413,32959,34181,20385
2014,GNQ,1122276,31743,33543,19368
2015,GNQ,1168568,27709,29592,11279
2016,GNQ,1215179,24297,26232,9244
2017,GNQ,1262001,22299,24533,9738
2018,GNQ,1308974,20181,22744,10262
2006,GRC,11020362,31136,28520,24801
2007,GRC,11048473,32074,29292,28827
2008,GRC,11077841,31882,30856,31997
2009,GRC,11107017,30430,30365,29711
2010,GRC,11121341,28726,28148,26918
2011,GRC,11104899,26141,26141,25916
2012,GRC,11045011,24364,25284,22243
2013,GRC,10965211,23746,26098,21875
2014,GRC,10892413,24082,26838,21761
2015,GRC,10820883,24135,26903,18168
2016,GRC,10775971,24189,27274,18116
2017,GRC,10754679,24602,28580,18883
2018,GRC,10731726,25141,29592,20324
2006,GRD,104933,11203,10284,6659
2007,GRD,105190,11860,11179,7213
2008,GRD,105456,11942,11476,7832
2009,GRD,105789,11117,10765,7291
2010,GRD,106233,11014,10789,7258
2011,GRD,106796,11040,11040,7291
2012,GRD,107446,10847,11055,7445
2013,GRD,108170,11027,11436,7790
2014,GRD,108902,11758,12424,8370
2015,GRD,109599,12436,13281,9097
2016,GRD,110261,12823,13844,9628
2017,GRD,110874,13320,14655,10164
2018,GRD,111454,13805,15558,10640
2006,GRL,56774,,,35458
2007,GRL,56555,,,39781
2008,GRL,56328,,,44367
2009,GRL,56323,,,44919
2010,GRL,56905,,,43988
2011,GRL,56890,,,47187
2012,GRL,56810,,,45937
2013,GRL,56483,,,47536
2014,GRL,56295,,,50485
2015,GRL,56114,,,44536
2016,GRL,56186,,,48182
2017,GRL,56171,,,
2018,GRL,56025,,,
2006,GTM,13397021,6458,5928,2257
2007,GTM,13700327,6713,6328,2490
2008,GTM,14006428,6782,6517,2794
2009,GTM,14316263,6670,6458,2636
2010,GTM,14630417,6714,6577,2825
2011,GTM,14948803,6845,6845,3188
2012,GTM,15270778,6899,7032,3300
2013,GTM,15595821,7005,7265,3453
2014,GTM,15923243,7148,7553,3688
2015,GTM,16252429,7293,7788,3924
2016,GTM,16583060,7368,7955,4141
2017,GTM,16914936,7423,8167,4471
2018,GTM,17247807,7509,8462,4549
2006,GUM,158648,,,26556
2007,GUM,158847,,,27542
2008,GUM,159036,,,29056
2009,GUM,159226,,,30027
2010,GUM,159444,,,30700
2011,GUM,159692,,,30859
2012,GUM,159996,,,32495
2013,GUM,160407,,,33265
2014,GUM,161016,,,34394
2015,GUM,161853,,,35279
2016,GUM,162951,,,35563
2017,GUM,164281,,,35616
2018,GUM,165768,,,35713
2006,GUY,746343,4970,4562,1954
2007,GUY,746474,5318,5013,2331
2008,GUY,746817,5421,5209,2567
2009,GUY,747718,5607,5429,2757
2010,GUY,749436,5825,5706,3033
2011,GUY,752028,6107,6107,3425
2012,GUY,755399,6401,6523,3788
2013,GUY,759285,6687,6935,3935
2014,GUY,763380,6911,7302,4032
2015,GUY,767432,7084,7566,4166
2016,GUY,771366,7285,7865,4543
2017,GUY,775221,7401,8143,4586
2018,GUY,779004,7667,8641,4979
2006,HKG,6857100,43521,39949,28224
2007,HKG,6916300,45937,43300,30594
2008,HKG,6957800,46635,44813,31516
2009,HKG,6972800,45390,43950,30697
2010,HKG,7024200,48108,47123,32550
2011,HKG,7071600,50086,50086,35142
2012,HKG,7150100,50378,51345,36731
2013,HKG,7178900,51732,53650,38404
2014,HKG,7229500,52789,55782,40315
2015,HKG,7291300,53592,57235,42432
2016,HKG,7336600,54420,58755,43734
2017,HKG,7391700,56094,61713,46226
2018,HKG,7451000,57318,64597,48676
2006,HND,7634298,3805,3493,1420
2007,HND,7808518,3951,3724,1572
2008,HND,7980955,4029,3871,1728
2009,HND,8150775,3849,3727,1790
2010,HND,8317470,3913,3833,1904
2011,HND,8480671,3984,3984,2088
2012,HND,8640691,4072,4150,2144
2013,HND,8798521,4111,4263,2103
2014,HND,8955589,4162,4398,2206
2015,HND,9112916,4247,4536,2302
2016,HND,9270795,4338,4683,2343
2017,HND,9429013,4469,4917,2450
2018,HND,9587522,4560,5139,2500
2006,HRV,4311159,21136,17431,11703
2007,HRV,4310217,22254,19355,13963
2008,HRV,4309705,22648,20776,16309
2009,HRV,4305181,21004,19999,14556
2010,HRV,4295427,20736,19761,13924
2011,HRV,4280622,20744,20744,14567
2012,HRV,4267558,20341,21136,13238
2013,HRV,4255689,20286,21769,13642
2014,HRV,4238389,20348,22062,13600
2015,HRV,4203604,21016,23014,11783
2016,HRV,4174349,21901,24512,12360
2017,HRV,4124531,22861,26352,13412
2018,HRV,4087843,23664,27580,14910
2006,HTI,9344785,1544,1418,509
2007,HTI,9495328,1571,1481,620
2008,HTI,9646580,1559,1498,679
2009,HTI,9798046,1582,1532,672
2010,HTI,9949322,1510,1479,666
2011,HTI,10100320,1569,1569,744
2012,HTI,10250930,1591,1621,770
2013,HTI,10400673,1635,1695,816
2014,HTI,10549008,1656,1750,832
2015,HTI,10695542,1654,1766,816
2016,HTI,10839970,1655,1787,735
2017,HTI,10982366,1653,1819,766
2018,HTI,11123176,1656,1867,868
2006,HUN,10071370,23399,18343,11476
2007,HUN,10055780,23492,19046,13919
2008,HUN,10038188,23782,20697,15753
2009,HUN,10022650,22223,20678,13046
2010,HUN,10000023,22422,21570,13114
2011,HUN,9971727,22894,22894,14151
2012,HUN,9920362,22674,23148,12918
2013,HUN,9893082,23183,24498,13687
2014,HUN,9866468,24221,25605,14246
2015,HUN,9843028,25212,26668,12652
2016,HUN,9814023,25843,27171,12992
2017,HUN,9787966,27032,29159,14458
2018,HUN,9775564,28465,31103,16162
2006,IDN,229318262,7118,6534,1590
2007,IDN,232374245,7470,7041,1860
2008,IDN,235469762,7815,7510,2167
2009,IDN,238620563,8069,7813,2261
2010,IDN,241834215,8458,8285,3122
2011,IDN,245116206,8859,8859,3643
2012,IDN,248452413,9267,9445,3694
2013,IDN,251806402,9652,10010,3624
2014,IDN,255129004,10003,10570,3492
2015,IDN,258383256,10359,11063,3332
2016,IDN,261554226,10748,11605,3563
2017,IDN,264645886,11161,12279,3837
2018,IDN,267663435,11606,13080,3894
2006,IMN,81285,,,42107
2007,IMN,82408,,,54195
2008,IMN,83508,,,70994
2009,IMN,84376,,,65031
2010,IMN,84857,,,69767
2011,IMN,84886,,,77352
2012,IMN,84533,,,76105
2013,IMN,83976,,,80432
2014,IMN,83488,,,88974
2015,IMN,83234,,,81606
2016,IMN,83287,,,79156
2017,IMN,83598,,,80989
2018,IMN,84077,,,
2006,IND,1165486291,3629,3332,807
2007,IND,1183209472,3849,3628,1028
2008,IND,1200669765,3910,3757,999
2009,IND,1217726215,4158,4026,1102
2010,IND,1234281170,4451,4360,1358
2011,IND,1250288729,4625,4625,1458
2012,IND,1265782790,4817,4910,1444
2013,IND,1280846129,5065,5252,1450
2014,IND,1295604184,5378,5683,1574
2015,IND,1310152403,5743,6134,1606
2016,IND,1324509589,6145,6635,1729
2017,IND,1338658835,6516,7169,1981
2018,IND,1352617328,6888,7763,2010
2006,IRL,4273591,49276,44205,54306
2007,IRL,4398942,50420,46760,61360
2008,IRL,4489544,47189,44284,61262
2009,IRL,4535375,44340,41622,52105
2010,IRL,4560155,44897,43295,48715
2011,IRL,4580084,44855,44855,51849
2012,IRL,4599533,44766,46257,48918
2013,IRL,4623816,45133,47897,51590
2014,IRL,4657740,48638,51068,55493
2015,IRL,4701957,60304,69056,61995
2016,IRL,4755335,61821,70522,63197
2017,IRL,4807388,66132,77596,69650
2018,IRL,4867309,70855,83203,78806
2006,IRN,70554760,16366,15023,3774
2007,IRN,71336475,17507,16502,4905
2008,IRN,72120604,17360,16682,5630
2009,IRN,72924837,17342,16791,5678
2010,IRN,73762519,18139,17768,6603
2011,IRN,74634956,18401,18401,7818
2012,IRN,75539862,16827,17150,7928
2013,IRN,76481943,16587,17202,6111
2014,IRN,77465753,17131,18102,5609
2015,IRN,78492215,16683,17818,4916
2016,IRN,79564016,18664,20150,5266
2017,IRN,80673951,19098,21011,5628
2018,IRN,81800269,,,
2006,IRQ,27448124,11810,10841,2373
2007,IRQ,27911248,11774,11098,3183
2008,IRQ,28385746,12530,12040,4637
2009,IRQ,28973162,12691,12288,3854
2010,IRQ,29741976,13154,12885,4657
2011,IRQ,30725300,13694,13694,6045
2012,IRQ,31890011,15033,15321,6836
2013,IRQ,33157050,15557,16134,7077
2014,IRQ,34411951,15095,15950,6819
2015,IRQ,35572261,14964,15981,4990
2016,IRQ,36610632,16751,18086,4777
2017,IRQ,37552781,15924,17519,5205
2018,IRQ,38433600,15471,17436,5834
2006,ISL,303782,41848,39094,56674
2007,ISL,311566,44624,41160,69054
2008,ISL,317414,44675,43318,56410
2009,ISL,318499,41505,41905,41333
2010,ISL,318041,40137,39577,43025
2011,ISL,319014,40767,40767,47517
2012,ISL,320716,41077,41926,45910
2013,ISL,323764,42372,44158,49522
2014,ISL,327386,42775,45715,54242
2015,ISL,330815,44223,48728,52429
2016,ISL,335439,46819,52582,61758
2017,ISL,343400,47840,55322,71315
2018,ISL,352721,48606,57303,73191
2006,ISR,7053700,27636,25679,21837
2007,ISR,7180100,28717,27488,24924
2008,ISR,7308800,29057,27433,29568
2009,ISR,7485600,28633,27501,27716
2010,ISR,7623600,29689,28862,30694
2011,ISR,7765800,30540,30540,33669
2012,ISR,7910500,30658,31694,32511
2013,ISR,8059500,31339,34146,36309
2014,ISR,8215700,31899,34213,37679
2015,ISR,8380100,31989,35437,35777
2016,ISR,8546000,32618,37463,37322
2017,ISR,8713300,33123,38866,40542
2018,ISR,8882800,33609,39919,41715
2006,ITA,58143979,38327,32420,33502
2007,ITA,58438310,38701,34108,37823
2008,ITA,58826731,38075,35523,40778
2009,ITA,59095365,35901,34610,37080
2010,ITA,59277417,36404,35156,36001
2011,ITA,59379449,36598,36598,38599
2012,ITA,59539717,35411,36486,35054
2013,ITA,60233948,34359,36315,35550
2014,ITA,60789140,34044,36195,35518
2015,ITA,60730582,34342,36909,30230
2016,ITA,60627498,34840,39178,30936
2017,ITA,60536709,35491,41200,32327
2018,ITA,60421760,35828,41830,34483
2006,JAM,2754407,8627,7919,4321
2007,JAM,2768227,8707,8207,4634
2008,JAM,2781876,8594,8258,4918
2009,JAM,2795837,8180,7920,4316
2010,JAM,2810460,8018,7854,4704
2011,JAM,2825929,8112,8112,5111
2012,JAM,2842132,8016,8170,5210
2013,JAM,2858709,8010,8307,4989
2014,JAM,2875136,8019,8474,4834
2015,JAM,2891021,8049,8596,4908
2016,JAM,2906238,8117,8763,4843
2017,JAM,2920853,8157,8974,5069
2018,JAM,2934855,8276,9327,5354
2006,JOR,5991540,9199,8444,2548
2007,JOR,6255280,9531,8984,2774
2008,JOR,6556478,9751,9370,3398
2009,JOR,6893260,9782,9472,3504
2010,JOR,7261539,9501,9306,3690
2011,JOR,7663131,9236,9236,3816
2012,JOR,8090872,8980,9152,3877
2013,JOR,8520420,8768,9093,3998
2014,JOR,8920049,8635,9124,4073
2015,JOR,9266575,8510,9089,4105
2016,JOR,9551467,8422,9093,4104
2017,JOR,9779173,8400,9242,4163
2018,JOR,9956011,8411,9479,4242
2006,JPN,127854000,36142,33090,35434
2007,JPN,128001000,36697,34502,35275
2008,JPN,128063000,36278,34799,39339
2009,JPN,128047000,34318,33199,40855
2010,JPN,128070000,35750,34987,44508
2011,JPN,127833000,35775,35775,48168
2012,JPN,127629000,36368,37191,48603
2013,JPN,127445000,37149,38974,40454
2014,JPN,127276000,37337,39179,38109
2015,JPN,127141000,37834,40396,34524
2016,JPN,126994511,38108,41118,38794
2017,JPN,126785797,38907,41959,38332
2018,JPN,126529100,39294,42797,39290
2006,KAZ,15308084,17541,16102,5292
2007,KAZ,15484192,18885,17801,6771
2008,KAZ,15674000,19272,18519,8514
2009,KAZ,16092822,18996,18393,7165
2010,KAZ,16321872,20097,19685,9070
2011,KAZ,16557201,21277,21277,11634
2012,KAZ,16792089,21986,22408,12387
2013,KAZ,17035550,22972,23824,13891
2014,KAZ,17288285,23587,24924,12807
2015,KAZ,17542806,23524,25123,10511
2016,KAZ,17794055,23447,25315,7715
2017,KAZ,18037776,24079,26491,9248
2018,KAZ,18272430,24738,27880,9813
2006,KEN,37649033,2267,2081,686
2007,KEN,38705932,2356,2221,826
2008,KEN,39791981,2297,2208,902
2009,KEN,40901792,2309,2236,905
2010,KEN,42030676,2436,2386,952
2011,KEN,43178257,2516,2516,972
2012,KEN,44343410,2562,2611,1137
2013,KEN,45519889,2642,2740,1210
2014,KEN,46699981,2713,2867,1316
2015,KEN,47878336,2798,2988,1337
2016,KEN,49051686,2891,3122,1411
2017,KEN,50221473,2961,3258,1568
2018,KEN,51393010,3077,3468,1711
2006,KGZ,5218400,2418,2219,543
2007,KGZ,5268400,2599,2450,722
2008,KGZ,5318700,2791,2682,966
2009,KGZ,5383300,2837,2747,871
2010,KGZ,5447900,2790,2733,880
2011,KGZ,5514600,2921,2921,1124
2012,KGZ,5607200,2867,2922,1178
2013,KGZ,5719600,3117,3232,1282
2014,KGZ,5835500,3177,3357,1280
2015,KGZ,5956900,3234,3453,1121
2016,KGZ,6079500,3305,3568,1121
2017,KGZ,6198200,3394,3734,1243
2018,KGZ,6322800,3447,3885,1281
2006,KHM,13477709,2148,1972,540
2007,KHM,13679962,2332,2198,632
2008,KHM,13883834,2452,2356,746
2009,KHM,14093604,2417,2341,738
2010,KHM,14312212,2522,2471,786
2011,KHM,14541423,2658,2658,882
2012,KHM,14780454,2806,2860,951
2013,KHM,15026332,2963,3073,1013
2014,KHM,15274503,3124,3301,1093
2015,KHM,15521436,3290,3514,1163
2016,KHM,15766293,3467,3743,1279
2017,KHM,16009414,3654,4020,1385
2018,KHM,16249798,3869,4361,1510
2006,KIR,94343,1916,1758,1168
2007,KIR,96527,1910,1801,1374
2008,KIR,98761,1828,1757,1428
2009,KIR,100930,1803,1746,1312
2010,KIR,102927,1752,1716,1517
2011,KIR,104728,1749,1749,1735
2012,KIR,106370,1803,1838,1789
2013,KIR,107890,1853,1922,1716
2014,KIR,109391,1815,1918,1643
2015,KIR,110930,1976,2110,1543
2016,KIR,112524,2048,2211,1585
2017,KIR,114158,2025,2228,1626
2018,KIR,115847,2035,2294,1625
2006,KNA,47339,25448,23360,13883
2007,KNA,47778,25202,23755,15152
2008,KNA,48185,26610,25570,16465
2009,KNA,48599,25495,24685,15784
2010,KNA,49016,24535,24033,15509
2011,KNA,49447,24766,24766,16538
2012,KNA,49887,24001,24461,16045
2013,KNA,50331,25070,25999,16685
2014,KNA,50774,26413,27910,18052
2015,KNA,51203,26462,28261,18029
2016,KNA,51625,26988,29138,18812
2017,KNA,52045,26241,28870,19155
2018,KNA,52441,26804,30208,19275
2006,KOR,48438292,26697,25821,20888
2007,KOR,48683638,28014,27822,23061
2008,KOR,49054708,28588,28656,20431
2009,KOR,49307835,28643,28325,18292
2010,KOR,49554112,30352,30365,22087
2011,KOR,49936638,31229,31229,24080
2012,KOR,50199853,31777,32097,24359
2013,KOR,50428893,32549,32616,25890
2014,KOR,50746659,33426,33588,27811
2015,KOR,51014947,34178,35761,27105
2016,KOR,51217803,35020,37143,27608
2017,KOR,51361911,35938,38824,29743
2018,KOR,51606633,36777,40112,31363
2006,KWT,2373672,96393,88483,42781
2007,KWT,2504019,96850,91291,45782
2008,KWT,2656009,93572,89916,55495
2009,KWT,2821045,81864,79266,37562
2010,KWT,2991884,75360,73818,38577
2011,KWT,3168060,78022,78022,48619
2012,KWT,3348853,78700,80210,51979
2013,KWT,3526378,75597,78399,49388
2014,KWT,3690942,72589,76703,44062
2015,KWT,3835591,70265,75042,29870
2016,KWT,3956873,70105,75689,27653
2017,KWT,4056097,65167,71696,29760
2018,KWT,4137309,64684,72898,33994
2006,LAO,5846074,3330,3057,591
2007,LAO,5944948,3524,3321,710
2008,LAO,6046620,3735,3590,900
2009,LAO,6148623,3949,3824,949
2010,LAO,6249165,4217,4131,1141
2011,LAO,6347567,4485,4485,1378
2012,LAO,6444530,4772,4864,1581
2013,LAO,6541304,5079,5267,1826
2014,LAO,6639756,5385,5690,1998
2015,LAO,6741164,5689,6076,2135
2016,LAO,6845846,5996,6473,2309
2017,LAO,6953035,6310,6942,2424
2018,LAO,7061507,6601,7440,2542
2006,LBN,4759753,10555,9689,4632
2007,LBN,4767344,11522,10861,5217
2008,LBN,4764741,12595,12103,6134
2009,LBN,4813026,13722,13287,7371
2010,LBN,4953061,14406,14111,7757
2011,LBN,5202343,13842,13842,7703
2012,LBN,5538634,13355,13611,7986
2013,LBN,5914621,12833,13309,7924
2014,LBN,6262410,12349,13049,7712
2015,LBN,6532678,11887,12695,7650
2016,LBN,6711121,11757,12694,7635
2017,LBN,6811873,11647,12814,7838
2018,LBN,6848925,11607,13081,8270
2006,LBR,3329211,982,901,336
2007,LBR,3461911,1034,975,397
2008,LBR,3607860,1063,1022,478
2009,LBR,3754133,1076,1042,471
2010,LBR,3891356,1101,1079,513
2011,LBR,4017443,1154,1154,597
2012,LBR,4135659,1211,1234,658
2013,LBR,4248334,1282,1329,722
2014,LBR,4359505,1258,1329,721
2015,LBR,4472230,1226,1309,710
2016,LBR,4586788,1176,1270,715
2017,LBR,4702228,1176,1293,699
2018,LBR,4818977,1161,1309,677
2006,LBY,5886872,27294,25054,9336
2007,LBY,5974787,28600,26959,11300
2008,LBY,6058748,28956,27825,14383
2009,LBY,6133984,28375,27474,10275
2010,LBY,6197663,29494,28890,12065
2011,LBY,6247439,11096,11096,5554
2012,LBY,6285750,24609,25081,13025
2013,LBY,6320359,21146,21930,10364
2014,LBY,6362037,15965,16870,6467
2015,LBY,6418315,14423,15404,4338
2016,LBY,6492164,13860,14965,4035
2017,LBY,6580724,17321,19057,5756
2018,LBY,6678567,18425,20764,7242
2006,LCA,165381,11596,10644,6860
2007,LCA,167639,11676,11006,7632
2008,LCA,170011,12086,11614,7568
2009,LCA,172221,11758,11385,7425
2010,LCA,174085,11667,11429,8037
2011,LCA,175544,12049,12049,8227
2012,LCA,176646,11940,12169,8152
2013,LCA,177513,11647,12078,8359
2014,LCA,178296,11751,12417,8744
2015,LCA,179126,11724,12521,9262
2016,LCA,180024,12032,12991,9452
2017,LCA,180955,12276,13505,10040
2018,LCA,181889,12317,13881,10566
2006,LIE,34970,,,114391
2007,LIE,35217,,,130656
2008,LIE,35471,,,143256
2009,LIE,35727,,,126082
2010,LIE,35994,,,141200
2011,LIE,36293,,,158157
2012,LIE,36615,,,149010
2013,LIE,36934,,,173058
2014,LIE,37223,,,178846
2015,LIE,37470,,,167291
2016,LIE,37658,,,165028
2017,LIE,37800,,,
2018,LIE,37910,,,
2006,LKA,19695972,6912,6345,1436
2007,LKA,19842044,7328,6907,1630
2008,LKA,19983984,7708,7407,2037
2009,LKA,20123508,7926,7674,2090
2010,LKA,20261737,8503,8329,2800
2011,LKA,20398670,9156,9156,3201
2012,LKA,20425000,9980,10171,3351
2013,LKA,20585000,10239,10618,3610
2014,LKA,20778000,10647,11250,3819
2015,LKA,20970000,11078,11831,3844
2016,LKA,21203000,11447,12359,3886
2017,LKA,21444000,11706,12879,4105
2018,LKA,21670000,11955,13474,4102
2006,LSO,1989939,2002,1837,905
2007,LSO,1986922,2102,1981,864
2008,LSO,1987129,2243,2155,885
2009,LSO,1990131,2288,2215,891
2010,LSO,1995581,2428,2379,1200
2011,LSO,2003787,2579,2579,1393
2012,LSO,2014990,2716,2768,1329
2013,LSO,2028519,2756,2858,1249
2014,LSO,2043437,2813,2972,1276
2015,LSO,2059021,2867,3062,1112
2016,LSO,2075001,2937,3171,1115
2017,LSO,2091412,2847,3132,1227
2018,LSO,2108132,2857,3219,1299
2006,LTU,3269909,20227,16485,9241
2007,LTU,3231294,22738,19095,12298
2008,LTU,3198231,23577,20744,14962
2009,LTU,3162916,20308,18146,11837
2010,LTU,3097282,21046,20039,11954
2011,LTU,3028115,22824,22824,14339
2012,LTU,2987773,24019,24646,14334
2013,LTU,2957689,25127,26680,15705
2014,LTU,2932367,26233,28156,16534
2015,LTU,2904910,27019,28824,14249
2016,LTU,2868231,28064,30334,14999
2017,LTU,2828403,29668,33315,16841
2018,LTU,2801543,31178,35461,19153
2006,LUX,472637,91724,77951,89740
2007,LUX,479993,97864,83982,106018
2008,LUX,488650,94900,86694,114294
2009,LUX,497783,89099,82278,103199
2010,LUX,506953,91743,85614,104965
2011,LUX,518347,92005,92005,115762
2012,LUX,530946,89505,91622,106749
2013,LUX,543360,90656,95591,113625
2014,LUX,556319,92349,101298,118824
2015,LUX,569604,94080,103751,101376
2016,LUX,582014,96285,108166,104278
2017,LUX,596336,95666,110589,107361
2018,LUX,607950,96793,113337,116640
2006,LVA,2218357,19846,15745,9663
2007,LVA,2200325,22011,18127,14042
2008,LVA,2177322,21499,19466,16377
2009,LVA,2141669,18745,16924,12257
2010,LVA,2097555,18283,17587,11345
2011,LVA,2059709,19789,19789,13714
2012,LVA,2034319,20865,21291,13848
2013,LVA,2012647,21580,22693,15043
2014,LVA,1993782,22202,23844,15740
2015,LVA,1977527,23114,24831,13699
2016,LVA,1959537,23740,25876,14153
2017,LVA,1942248,24859,28115,15548
2018,LVA,1927174,26219,30305,17861
2006,MAC,493799,71091,65257,29951
2007,MAC,504511,79634,75063,36353
2008,MAC,515239,80623,77473,40598
2009,MAC,526400,79956,77418,40797
2010,MAC,538219,97956,95952,52253
2011,MAC,550832,116457,116457,66644
2012,MAC,564039,124236,126618,76292
2013,MAC,577372,134960,139962,89287
2014,MAC,590208,130439,137833,93777
2015,MAC,602085,100254,107070,75341
2016,MAC,612836,97788,105578,74061
2017,MAC,622585,105774,116371,81517
2018,MAC,631636,109932,123892,87209
2006,MAF,35237,,,
2007,MAF,36137,,,
2008,MAF,36885,,,
2009,MAF,37377,,,
2010,MAF,37582,,,
2011,MAF,37446,,,
2012,MAF,37009,,,
2013,MAF,36453,,,
2014,MAF,36015,,,
2015,MAF,35858,,,
2016,MAF,36065,,,
2017,MAF,36560,,,
2018,MAF,37264,,,
2006,MAR,30804683,5713,5244,2196
2007,MAR,31163673,5845,5510,2499
2008,MAR,31536811,6118,5879,2890
2009,MAR,31929087,6300,6100,2867
2010,MAR,32343389,6456,6324,2840
2011,MAR,32781850,6704,6704,3047
2012,MAR,33241898,6810,6940,2913
2013,MAR,33715693,7018,7278,3122
2014,MAR,34192347,7105,7507,3172
2015,MAR,34663603,7325,7823,2875
2016,MAR,35126296,7304,7886,2897
2017,MAR,35581294,7515,8267,3036
2018,MAR,36029138,7641,8612,3222
2006,MCO,34190,,,134045
2007,MCO,34525,,,169961
2008,MCO,34872,,,185722
2009,MCO,35226,,,154762
2010,MCO,35612,,,150585
2011,MCO,36024,,,168786
2012,MCO,36460,,,157516
2013,MCO,36901,,,177593
2014,MCO,37322,,,189171
2015,MCO,37718,,,165938
2016,MCO,38070,,,169916
2017,MCO,38392,,,167102
2018,MCO,38682,,,185741
2006,MDA,2880095,4208,3863,951
2007,MDA,2873429,4344,4095,1230
2008,MDA,2867964,4692,4509,1696
2009,MDA,2864346,4416,4276,1526
2010,MDA,2861487,4734,4638,1958
2011,MDA,2859833,5013,5013,2364
2012,MDA,2859458,4984,5079,2447
2013,MDA,2858692,5436,5638,2669
2014,MDA,2856950,5711,6035,2674
2015,MDA,2834530,5696,6083,2179
2016,MDA,2802170,5950,6424,2272
2017,MDA,2755158,6234,6859,2724
2018,MDA,2706049,6452,7272,3227
2006,MDG,18880269,1653,1517,292
2007,MDG,19433530,1706,1608,439
2008,MDG,19996473,1769,1700,536
2009,MDG,20569117,1652,1599,468
2010,MDG,21151640,1616,1583,472
2011,MDG,21743967,1597,1597,531
2012,MDG,22346641,1601,1631,518
2013,MDG,22961253,1594,1653,541
2014,MDG,23589887,1603,1694,531
2015,MDG,24234088,1609,1719,467
2016,MDG,24894380,1629,1759,476
2017,MDG,25570540,1648,1814,515
2018,MDG,26262368,1678,1891,528
2006,MDV,327487,11387,10452,4810
2007,MDV,335169,11984,11296,5574
2008,MDV,343452,12804,12304,6614
2009,MDV,353398,11544,11178,6636
2010,MDV,365734,11965,11721,7077
2011,MDV,380495,12486,12486,7291
2012,MDV,397237,12261,12496,7266
2013,MDV,415593,12573,13039,7928
2014,MDV,435015,12892,13623,8499
2015,MDV,454915,12684,13546,9033
2016,MDV,475513,12903,13931,9209
2017,MDV,496402,13201,14524,9541
2018,MDV,515696,13583,15308,10331
2006,MEX,107560153,16641,13808,9068
2007,MEX,109170502,16772,14290,9643
2008,MEX,110815271,16712,14925,10017
2009,MEX,112463887,15596,14558,8003
2010,MEX,114092963,16160,15261,9271
2011,MEX,115695473,16520,16520,10203
2012,MEX,117274155,16891,17163,10242
2013,MEX,118827161,16896,17374,10725
2014,MEX,120355128,17150,18046,10922
2015,MEX,121858258,17495,18285,9606
2016,MEX,123333376,17789,18783,8740
2017,MEX,124777324,17956,19424,9278
2018,MEX,126190788,18134,19845,9673
2006,MHL,55767,3210,2946,2609
2007,MHL,56051,3282,3093,2745
2008,MHL,56174,3054,2934,2726
2009,MHL,56250,3093,2995,2698
2010,MHL,56366,3320,3252,2877
2011,MHL,56531,3286,3286,3084
2012,MHL,56717,3197,3259,3224
2013,MHL,56938,3303,3426,3297
2014,MHL,57179,3258,3443,3230
2015,MHL,57439,3295,3519,3214
2016,MHL,57735,3321,3586,3474
2017,MHL,58058,3437,3781,3667
2018,MHL,58413,3540,3989,3788
2006,MKD,2063131,9854,8585,3326
2007,MKD,2065426,10481,9243,4036
2008,MKD,2067313,11044,10418,4793
2009,MKD,2069039,10995,10914,4544
2010,MKD,2070741,11355,11274,4543
2011,MKD,2072487,11611,11611,5064
2012,MKD,2074278,11548,11840,4698
2013,MKD,2076067,11876,12654,5211
2014,MKD,2077775,12297,13368,5468
2015,MKD,2079328,12761,13831,4840
2016,MKD,2080745,13116,14813,5129
2017,MKD,2081996,13140,15299,5418
2018,MKD,2082958,13483,16359,6084
2006,MLI,13203378,1786,1640,523
2007,MLI,13651464,1788,1685,597
2008,MLI,14113577,1812,1741,691
2009,MLI,14581429,1836,1778,698
2010,MLI,15049353,1875,1837,710
2011,MLI,15514591,1878,1878,837
2012,MLI,15979499,1808,1843,779
2013,MLI,16449864,1797,1863,805
2014,MLI,16934220,1868,1974,847
2015,MLI,17438778,1922,2053,751
2016,MLI,17965429,1974,2132,780
2017,MLI,18512394,2019,2222,829
2018,MLI,19077690,2056,2317,900
2006,MLT,405308,26701,23224,16672
2007,MLT,406724,27669,24893,19376
2008,MLT,409379,28410,26193,21929
2009,MLT,412477,27502,26140,20676
2010,MLT,414508,28337,27809,21107
2011,MLT,416268,28586,28586,22846
2012,MLT,420028,29121,29437,21927
2013,MLT,425967,30039,31080,23839
2014,MLT,434558,32008,33391,26012
2015,MLT,445053,34635,36196,24077
2016,MLT,455356,35772,38348,25152
2017,MLT,467999,37146,41510,27284
2018,MLT,484630,38388,42581,30098
2006,MMR,49301050,2530,2322,294
2007,MMR,49621475,2815,2653,407
2008,MMR,49929642,3084,2964,638
2009,MMR,50250367,3388,3280,734
2010,MMR,50600818,3688,3613,979
2011,MMR,50990615,3865,3865,1176
2012,MMR,51413698,4114,4193,1166
2013,MMR,51852451,4423,4587,1162
2014,MMR,52280807,4737,5006,1252
2015,MMR,52680726,5030,5372,1133
2016,MMR,53045226,5289,5710,1192
2017,MMR,53382581,5610,6172,1250
2018,MMR,53708395,5922,6674,1326
2006,MNE,615025,12753,10448,4426
2007,MNE,615875,13603,12447,5976
2008,MNE,616969,14559,13817,7368
2009,MNE,618294,13686,13025,6727
2010,MNE,619428,14035,13635,6682
2011,MNE,620079,14472,14472,7319
2012,MNE,620601,14066,13864,6587
2013,MNE,621207,14551,14870,7186
2014,MNE,621810,14797,15371,7378
2015,MNE,622159,15290,16337,6514
2016,MNE,622303,15737,17866,7029
2017,MNE,622373,16477,19355,7784
2018,MNE,622227,17315,20690,8844
2006,MNG,2558856,6481,5950,1334
2007,MNG,2593820,7049,6645,1633
2008,MNG,2631898,7566,7270,2137
2009,MNG,2673796,7353,7119,1714
2010,MNG,2719896,7688,7531,2643
2011,MNG,2770362,8853,8853,3758
2012,MNG,2824699,9753,9940,4352
2013,MNG,2881792,10673,11068,4366
2014,MNG,2940108,11286,11926,4159
2015,MNG,2998439,11330,12100,3919
2016,MNG,3056359,11245,12141,3660
2017,MNG,3113779,11627,12792,3669
2018,MNG,3170208,12245,13800,4122
2006,MNP,55882,,,17716
2007,MNP,55219,,,16987
2008,MNP,54625,,,17190
2009,MNP,54193,,,14670
2010,MNP,53971,,,14804
2011,MNP,54012,,,13571
2012,MNP,54311,,,13828
2013,MNP,54784,,,14274
2014,MNP,55305,,,15279
2015,MNP,55780,,,16691
2016,MNP,56188,,,22247
2017,MNP,56562,,,28305
2018,MNP,56882,,,23259
2006,MOZ,21080110,880,808,434
2007,MOZ,21673316,922,869,481
2008,MOZ,22276596,963,925,564
2009,MOZ,22894710,996,964,520
2010,MOZ,23531574,1032,1011,471
2011,MOZ,24187487,1078,1078,595
2012,MOZ,24862648,1125,1147,658
2013,MOZ,25560725,1171,1214,664
2014,MOZ,26286163,1222,1292,674
2015,MOZ,27042002,1268,1354,590
2016,MOZ,27829942,1279,1381,429
2017,MOZ,28649007,1289,1418,461
2018,MOZ,29495962,1295,1460,499
2006,MRT,3111906,3571,3278,977
2007,MRT,3202517,3567,3362,1048
2008,MRT,3296238,3503,3366,1223
2009,MRT,3393409,3367,3261,1079
2010,MRT,3494195,3426,3356,1241
2011,MRT,3598648,3484,3484,1436
2012,MRT,3706554,3578,3647,1411
2013,MRT,3817494,3686,3822,1477
2014,MRT,3930896,3779,3993,1372
2015,MRT,4046301,3687,3938,1193
2016,MRT,4163534,3650,3940,1124
2017,MRT,4282574,3657,4023,1146
2018,MRT,4403319,3683,4151,1189
2006,MUS,1233996,13441,12338,5696
2007,MUS,1239630,14146,13334,6575
2008,MUS,1244121,14855,14274,8030
2009,MUS,1247429,15306,14820,7318
2010,MUS,1250400,15938,15612,8000
2011,MUS,1252404,16562,16562,9197
2012,MUS,1255882,17093,17421,9291
2013,MUS,1258653,17629,18282,9637
2014,MUS,1260934,18256,19291,10154
2015,MUS,1262605,18879,20163,9260
2016,MUS,1263473,19591,21151,9682
2017,MUS,1264613,20319,22355,10485
2018,MUS,1265303,21075,23751,11239
2006,MWI,12973699,884,812,308
2007,MWI,13341806,942,888,332
2008,MWI,13727890,986,947,388
2009,MWI,14128155,1038,1005,438
2010,MWI,14539612,1078,1055,479
2011,MWI,14962112,1098,1098,535
2012,MWI,15396005,1087,1108,392
2013,MWI,15839269,1112,1153,348
2014,MWI,16289540,1143,1207,371
2015,MWI,16745303,1143,1220,381
2016,MWI,17205289,1140,1230,316
2017,MWI,17670260,1154,1270,357
2018,MWI,18143315,1163,1311,389
2006,MYS,26201961,19208,17632,6209
2007,MYS,26720370,20022,18873,7243
2008,MYS,27236006,20592,19788,8475
2009,MYS,27735040,19916,19283,7292
2010,MYS,28208035,21036,20605,9041
2011,MYS,28650955,21807,21807,10399
2012,MYS,29068159,22670,23105,10817
2013,MYS,29468872,23412,24279,10970
2014,MYS,29866559,24487,25876,11319
2015,MYS,30270962,25390,27117,9955
2016,MYS,30684804,26163,28247,9818
2017,MYS,31105028,27291,30025,10254
2018,MYS,31528585,28201,31782,11373
2006,NAM,1971317,8108,7443,3975
2007,NAM,2006514,8394,7912,4356
2008,NAM,2043394,8461,8130,4153
2009,NAM,2081044,8332,8068,4265
2010,NAM,2118874,8678,8500,5325
2011,NAM,2156701,8960,8960,5754
2012,NAM,2194784,9250,9427,5931
2013,NAM,2233510,9600,9955,5694
2014,NAM,2273430,10030,10599,5624
2015,NAM,2314904,10450,11160,5033
2016,NAM,2358041,10374,11200,4786
2017,NAM,2402603,10093,11104,5646
2018,NAM,2448255,9851,11102,5931
2006,NCL,235750,,,
2007,NCL,239250,,,
2008,NCL,242750,,,
2009,NCL,245950,,,
2010,NCL,249750,,,
2011,NCL,254350,,,
2012,NCL,259000,,,
2013,NCL,263650,,,
2014,NCL,268050,,,
2015,NCL,272400,,,
2016,NCL,276550,,,
2017,NCL,280350,,,
2018,NCL,284060,,,
2006,NER,14143971,777,714,258
2007,NER,14685399,772,728,292
2008,NER,15250908,815,783,353
2009,NER,15843133,779,754,339
2010,NER,16464025,812,796,347
2011,NER,17114761,799,799,374
2012,NER,17795191,860,876,390
2013,NER,18504255,870,903,414
2014,NER,19240157,900,951,428
2015,NER,20001663,903,965,361
2016,NER,20788838,912,985,362
2017,NER,21602472,921,1013,376
2018,NER,22442948,944,1063,414
2006,NGA,142538308,4259,3909,1656
2007,NGA,146339977,4421,4168,1883
2008,NGA,150269623,4597,4417,2243
2009,NGA,154324933,4836,4682,1891
2010,NGA,158503197,5085,4981,2292
2011,NGA,162805071,5214,5214,2520
2012,NGA,167228767,5291,5392,2747
2013,NGA,171765769,5495,5698,2998
2014,NGA,176404902,5688,6010,3223
2015,NGA,181137448,5686,6072,2730
2016,NGA,185960289,5449,5883,2176
2017,NGA,190873311,5351,5888,1969
2018,NGA,195874740,5316,5991,2028
2006,NIC,5513763,3820,3507,1227
2007,NIC,5590055,3959,3732,1328
2008,NIC,5667432,4039,3882,1499
2009,NIC,5745526,3853,3731,1444
2010,NIC,5824065,3969,3888,1504
2011,NIC,5903039,4163,4163,1656
2012,NIC,5982526,4375,4459,1760
2013,NIC,6062454,4530,4698,1812
2014,NIC,6142733,4685,4950,1934
2015,NIC,6223240,4846,5175,2050
2016,NIC,6303974,5002,5400,2108
2017,NIC,6384855,5169,5687,2168
2018,NIC,6465513,4910,5534,2029
2006,NIU,,,,
2007,NIU,,,,
2008,NIU,,,,
2009,NIU,,,,
2010,NIU,,,,
2012,NIU,,,,
2013,NIU,,,,
2014,NIU,,,,
2015,NIU,,,,
2016,NIU,,,,15586
2017,NIU,1520,,,
2018,NIU,1520,,,
2006,NLD,16346101,45273,40971,44863
2007,NLD,16381696,46879,43897,51733
2008,NLD,16445593,47710,46420,57644
2009,NLD,16530388,45725,44566,52514
2010,NLD,16615394,46102,45040,50950
2011,NLD,16693074,46599,46599,54159
2012,NLD,16754962,45949,47272,50073
2013,NLD,16804432,45754,49242,52184
2014,NLD,16865008,46238,49233,52830
2015,NLD,16939923,46936,50302,45175
2016,NLD,17030314,47710,51339,46008
2017,NLD,17131296,48809,54503,48555
2018,NLD,17231624,49787,56329,53024
2006,NOR,4660677,63792,54104,74148
2007,NOR,4709153,65026,55877,85140
2008,NOR,4768212,64526,61717,96944
2009,NOR,4828726,62617,55376,79978
2010,NOR,4889252,62276,57915,87694
2011,NOR,4953088,62077,62077,100601
2012,NOR,5018573,62923,65355,101524
2013,NOR,5079623,62809,66961,102913
2014,NOR,5137232,63328,65893,97019
2015,NOR,5188607,63935,60385,74356
2016,NOR,5234519,64053,57744,70461
2017,NOR,5276968,65014,62012,75497
2018,NOR,5311916,65389,65511,81697
2006,NPL,26066693,1713,1572,347
2007,NPL,26382581,1750,1649,391
2008,NPL,26666576,1837,1765,470
2009,NPL,26883535,1905,1844,478
2010,NPL,27013212,1987,1946,592
2011,NPL,27041437,2053,2053,699
2012,NPL,26989862,2155,2196,698
2013,NPL,26917906,2250,2333,716
2014,NPL,26906926,2385,2521,743
2015,NPL,27015031,2455,2622,793
2016,NPL,27261131,2447,2642,777
2017,NPL,27627124,2613,2875,911
2018,NPL,28087871,2741,3090,1034
2006,NRU,9828,,,
2007,NRU,9842,4049,3816,2077
2008,NRU,9891,5415,5204,3972
2009,NRU,9939,5856,5670,4457
2010,NRU,10005,6606,6470,4921
2011,NRU,10057,7339,7339,7227
2012,NRU,10279,7905,8057,10102
2013,NRU,10821,10078,10452,10039
2014,NRU,11853,12561,13273,9872
2015,NRU,12475,12270,13104,8013
2016,NRU,13049,12951,13982,7821
2017,NRU,12876,13670,15039,8845
2018,NRU,12704,14645,16504,9889
2006,NZL,4184600,32435,27758,26671
2007,NZL,4223800,33102,29386,32510
2008,NZL,4259800,32491,29861,31288
2009,NZL,4302600,32099,30700,28201
2010,NZL,4350700,32233,31253,33692
2011,NZL,4384000,32735,32735,38427
2012,NZL,4408100,33280,32986,39970
2013,NZL,4442100,33876,36219,42949
2014,NZL,4509700,34608,37261,44534
2015,NZL,4595700,35178,37475,38560
2016,NZL,4693200,35703,39123,40027
2017,NZL,4793900,36046,40439,42260
2018,NZL,4841000,36352,41005,41945
2006,OMN,2580758,42509,39021,14421
2007,OMN,2657158,43125,40650,15838
2008,OMN,2750963,45070,43310,22140
2009,OMN,2876186,45743,44291,16824
2010,OMN,3041434,45336,44409,19281
2011,OMN,3251108,41942,41942,20897
2012,OMN,3498029,42620,43437,21924
2013,OMN,3764805,41331,42863,20927
2014,OMN,4027260,39700,41951,20132
2015,OMN,4267348,39243,41911,16151
2016,OMN,4479219,39249,42376,14722
2017,OMN,4665935,37779,41564,15130
2018,OMN,4829483,37143,41860,16415
2006,PAK,164022627,3999,3670,837
2007,PAK,167808105,4097,3862,908
2008,PAK,171648986,4074,3915,991
2009,PAK,175525609,4097,3967,958
2010,PAK,179424641,4072,3989,987
2011,PAK,183340592,4095,4095,1165
2012,PAK,187281475,4149,4229,1198
2013,PAK,191262919,4241,4398,1209
2014,PAK,195306825,4348,4594,1251
2015,PAK,199426964,4459,4762,1357
2016,PAK,203627284,4609,4976,1368
2017,PAK,207896686,4765,5242,1465
2018,PAK,212215030,4940,5567,1482
2006,PAN,3391666,12736,11691,5349
2007,PAN,3453675,14007,13203,6166
2008,PAN,3516204,15114,14523,7154
2009,PAN,3579215,15032,14555,7576
2010,PAN,3642687,15631,15311,8082
2011,PAN,3706483,17100,17100,9358
2012,PAN,3770624,18453,18807,10722
2013,PAN,3835437,19393,20112,11889
2014,PAN,3901315,20032,21167,12796
2015,PAN,3968487,20822,22237,13630
2016,PAN,4037078,21484,23196,14356
2017,PAN,4106771,22244,24472,15166
2018,PAN,4176873,22674,25554,15575
2006,PER,28102056,8024,7366,3154
2007,PER,28333052,8637,8141,3606
2008,PER,28562317,9349,8984,4221
2009,PER,28792655,9376,9079,4196
2010,PER,29027674,10075,9869,5082
2011,PER,29264318,10626,10626,5869
2012,PER,29506788,11186,11400,6529
2013,PER,29773987,11734,12169,6757
2014,PER,30090359,11887,12561,6673
2015,PER,30470734,12121,12945,6229
2016,PER,30926032,12414,13403,6205
2017,PER,31444297,12517,13771,6711
2018,PER,31989256,12793,14418,6941
2006,PHL,87888675,4937,4532,1391
2007,PHL,89405482,5175,4877,1671
2008,PHL,90901965,5301,5094,1916
2009,PHL,92414158,5274,5106,1822
2010,PHL,93966780,5583,5468,2124
2011,PHL,95570047,5690,5690,2345
2012,PHL,97212638,5967,6082,2573
2013,PHL,98871552,6282,6515,2749
2014,PHL,100513138,6559,6931,2831
2015,PHL,102113212,6848,7313,2867
2016,PHL,103663927,7210,7784,2941
2017,PHL,105173264,7581,8340,2982
2018,PHL,106651922,7943,8951,3103
2006,PLW,19540,13986,12838,9674
2007,PLW,19158,14456,13626,10159
2008,PLW,18704,13980,13434,10587
2009,PLW,18285,13405,12980,10028
2010,PLW,17955,13691,13411,10220
2011,PLW,17745,14527,14527,10884
2012,PLW,17640,14883,15168,11967
2013,PLW,17606,14701,15246,12688
2014,PLW,17626,15326,16195,13795
2015,PLW,17665,16833,17978,15872
2016,PLW,17725,16910,18257,16932
2017,PLW,17808,16239,17866,16078
2018,PLW,17907,16425,18510,15859
2006,PNG,6646895,2700,2478,1257
2007,PNG,6808514,2841,2678,1402
2008,PNG,6976201,2765,2657,1673
2009,PNG,7144776,2883,2792,1626
2010,PNG,7310507,3103,3040,1949
2011,PNG,7472200,3070,3070,2407
2012,PNG,7631002,3146,3206,2791
2013,PNG,7788379,3200,3319,2730
2014,PNG,7946731,3561,3763,2921
2015,PNG,8107775,3821,4081,2679
2016,PNG,8271760,3898,4209,2510
2017,PNG,8438029,3957,4353,2695
2018,PNG,8606316,3848,4336,2730
2006,POL,38141267,18268,15142,9039
2007,POL,38120560,19563,16788,11255
2008,POL,38125759,20392,18310,14001
2009,POL,38151603,20953,19246,11528
2010,POL,38042794,21771,21048,12600
2011,POL,38063255,22851,22851,13894
2012,POL,38063164,23218,23833,13146
2013,POL,38040196,23555,24719,13781
2014,POL,38011735,24355,25612,14348
2015,POL,37986412,25307,26856,12572
2016,POL,37970087,26094,27735,12432
2017,POL,37974826,27379,29922,13857
2018,POL,37974750,28786,31337,15421
2006,PRI,3805214,35025,32150,22936
2007,PRI,3782995,34821,32822,23665
2008,PRI,3760866,34380,33037,24898
2009,PRI,3740410,33893,32817,25769
2010,PRI,3721525,33924,33230,26436
2011,PRI,3678732,34196,34196,27279
2012,PRI,3634488,34622,35286,27945
2013,PRI,3593077,34914,36208,28513
2014,PRI,3534874,35066,37054,28981
2015,PRI,3473166,35315,37715,29764
2016,PRI,3406495,35551,38383,30629
2017,PRI,3325001,35454,39006,31353
2018,PRI,3195153,35085,39541,31651
2006,PRK,24054864,,,
2007,PRK,24188331,,,
2008,PRK,24310142,,,
2009,PRK,24428341,,,
2010,PRK,24548836,,,
2011,PRK,24673385,,,
2012,PRK,24800612,,,
2013,PRK,24929452,,,
2014,PRK,25057752,,,
2015,PRK,25183833,,,
2016,PRK,25307744,,,
2017,PRK,25429985,,,
2018,PRK,25549819,,,
2006,PRT,10522288,26958,24657,19823
2007,PRT,10542964,27579,25708,22782
2008,PRT,10558177,27627,26666,24848
2009,PRT,10568247,26739,26464,23060
2010,PRT,10573100,27191,27260,22499
2011,PRT,10557560,26770,26770,23187
2012,PRT,10514844,25788,26438,20565
2013,PRT,10457295,25690,27936,21647
2014,PRT,10401062,26034,28742,22074
2015,PRT,10358076,26610,29669,19242
2016,PRT,10325452,27234,31044,19978
2017,PRT,10300300,28257,32777,21437
2018,PRT,10283822,28999,33415,23408
2006,PRY,5913209,8280,7601,2271
2007,PRY,5998427,8605,8111,2977
2008,PRY,6081296,9028,8675,4042
2009,PRY,6163972,8884,8602,3625
2010,PRY,6248020,9741,9541,4356
2011,PRY,6333976,10017,10017,5323
2012,PRY,6421512,9827,10015,5183
2013,PRY,6510276,10509,10898,5927
2014,PRY,6599526,10871,11487,6103
2015,PRY,6688746,11056,11808,5407
2016,PRY,6777872,11381,12288,5319
2017,PRY,6867062,11790,12972,5681
2018,PRY,6956071,12068,13600,5822
2006,PSE,3406334,3364,3088,1441
2007,PSE,3494496,3495,3294,1576
2008,PSE,3591977,3607,3466,1858
2009,PSE,3689099,3816,3695,1970
2010,PSE,3786161,4019,3937,2354
2011,PSE,3882986,4406,4406,2695
2012,PSE,3979998,4569,4656,2834
2013,PSE,4076708,4559,4728,3060
2014,PSE,4173398,4445,4697,3047
2015,PSE,4270092,4494,4799,2968
2016,PSE,4367088,4601,4967,3074
2017,PSE,4454805,4652,5118,3254
2018,PSE,4569087,4576,5158,3199
2006,PYF,261010,,,
2007,PYF,262721,,,
2008,PYF,264061,,,
2009,PYF,265254,,,
2010,PYF,266455,,,
2011,PYF,267698,,,
2012,PYF,268998,,,
2013,PYF,270328,,,
2014,PYF,271705,,,
2015,PYF,273124,,,
2016,PYF,274575,,,
2017,PYF,276103,,,
2018,PYF,277679,,,
2006,QAT,1022711,117156,107541,59530
2007,QAT,1218434,116023,109363,65422
2008,QAT,1436665,115779,111256,80234
2009,QAT,1654950,112526,108954,59094
2010,QAT,1856327,119974,117519,67403
2011,QAT,2035871,124025,124025,82410
2012,QAT,2196074,120366,122675,85076
2013,QAT,2336574,118118,122496,85051
2014,QAT,2459198,116694,123308,83859
2015,QAT,2565710,115940,123822,63039
2016,QAT,2654374,114456,123574,57163
2017,QAT,2724724,113262,124609,61264
2018,QAT,2781677,112600,126898,68794
2006,ROU,21193760,15681,11545,5757
2007,ROU,20882982,17065,13687,8360
2008,ROU,20537875,18967,16782,10435
2009,ROU,20367487,18071,16635,8548
2010,ROU,20246871,17469,16966,8210
2011,ROU,20147528,17908,17908,9105
2012,ROU,20058035,18361,18932,8535
2013,ROU,19983693,19077,19797,9555
2014,ROU,19908979,19802,20623,10027
2015,ROU,19815616,20666,21632,8977
2016,ROU,19702468,21782,23868,9567
2017,ROU,19587491,23468,26632,10808
2018,ROU,19466145,24538,28206,12301
2006,RUS,143049528,21181,14912,6920
2007,RUS,142805088,23020,16648,9101
2008,RUS,142742350,24228,20164,11635
2009,RUS,142785342,22332,19390,8563
2010,RUS,142849449,23326,20490,10675
2011,RUS,142960868,24310,24310,14351
2012,RUS,143201676,25167,25785,15435
2013,RUS,143506911,25566,26240,16007
2014,RUS,143819666,25289,25752,14101
2015,RUS,144096870,24652,24061,9314
2016,RUS,144342396,24688,24072,8745
2017,RUS,144496740,25062,25767,10751
2018,RUS,144478050,25629,27588,11289
2006,RWA,9043337,1149,1054,353
2007,RWA,9273757,1206,1136,418
2008,RWA,9524534,1305,1254,517
2009,RWA,9782770,1350,1307,557
2010,RWA,10039338,1412,1383,583
2011,RWA,10293331,1487,1487,646
2012,RWA,10549678,1576,1606,704
2013,RWA,10811543,1610,1670,705
2014,RWA,11083635,1668,1762,723
2015,RWA,11369071,1770,1890,728
2016,RWA,11668818,1828,1973,726
2017,RWA,11980937,1889,2078,763
2018,RWA,12301939,1998,2252,773
2006,SAU,24498310,45676,41928,15385
2007,SAU,25184597,45252,42654,16517
2008,SAU,25888541,46773,44945,20078
2009,SAU,26630303,44534,43120,16113
2010,SAU,27421461,45428,44499,19263
2011,SAU,28267685,48474,48474,23746
2012,SAU,29155187,49541,50492,25243
2013,SAU,30052518,49359,51189,24845
2014,SAU,30916994,49732,52551,24464
2015,SAU,31717667,50467,53898,20628
2016,SAU,32442572,50164,54160,19879
2017,SAU,33099147,48804,53693,20804
2018,SAU,33699947,49101,55336,23339
2006,SDN,31661823,2945,2703,905
2007,SDN,32360621,3194,3011,1128
2008,SDN,33060837,3351,3220,1305
2009,SDN,33783788,3369,3262,1238
2010,SDN,34545013,3397,3327,1490
2011,SDN,35349681,3643,3643,1672
2012,SDN,36193783,4074,4152,1882
2013,SDN,37072550,4152,4306,1944
2014,SDN,37977655,4162,4398,2163
2015,SDN,38902950,4262,4552,2487
2016,SDN,39847440,4357,4704,2398
2017,SDN,40813396,4436,4880,3015
2018,SDN,41801533,4230,4768,977
2006,SEN,11382268,2678,2458,1041
2007,SEN,11687080,2737,2580,1222
2008,SEN,12004701,2773,2664,1412
2009,SEN,12335084,2755,2667,1317
2010,SEN,12678148,2776,2719,1279
2011,SEN,13033809,2739,2739,1372
2012,SEN,13401991,2800,2854,1330
2013,SEN,13782420,2800,2904,1376
2014,SEN,14174731,2903,3067,1395
2015,SEN,14578459,3002,3206,1219
2016,SEN,14993528,3104,3352,1269
2017,SEN,15419381,3232,3556,1367
2018,SEN,15854360,3356,3783,1522
2006,SGP,4401365,66176,60745,33769
2007,SGP,4588599,69203,65230,39433
2008,SGP,4839396,66842,64231,40007
2009,SGP,4987573,64935,62873,38927
2010,SGP,5076732,73061,71566,47237
2011,SGP,5183688,76034,76034,53890
2012,SGP,5312437,77493,78979,55546
2013,SGP,5399162,79919,82881,56967
2014,SGP,5469724,81965,86612,57563
2015,SGP,5535002,83342,89007,55647
2016,SGP,5607283,84704,91452,56724
2017,SGP,5612253,87760,96553,60298
2018,SGP,5638676,90091,101532,64582
2006,SLB,481078,1755,1611,949
2007,SLB,492132,1842,1736,1049
2008,SLB,503360,1928,1853,1208
2009,SLB,515181,1795,1738,1160
2010,SLB,527861,1871,1833,1290
2011,SLB,541521,2065,2065,1722
2012,SLB,556064,2102,2143,1913
2013,SLB,571335,2108,2186,1977
2014,SLB,587079,2097,2216,1997
2015,SLB,603118,2094,2236,1914
2016,SLB,619437,2104,2272,1986
2017,SLB,636038,2125,2338,2059
2018,SLB,652858,2150,2423,2138
2006,SLE,5829237,1074,986,323
2007,SLE,5989633,1129,1065,360
2008,SLE,6133603,1162,1117,408
2009,SLE,6272734,1173,1136,391
2010,SLE,6415634,1208,1183,402
2011,SLE,6563240,1255,1255,448
2012,SLE,6712581,1414,1441,566
2013,SLE,6863980,1669,1731,717
2014,SLE,7017144,1707,1804,715
2015,SLE,7171914,1326,1416,588
2016,SLE,7328838,1376,1486,501
2017,SLE,7488431,1404,1544,499
2018,SLE,7650154,1421,1602,534
2006,SLV,6079399,6117,5615,2632
2007,SLV,6105810,6203,5847,2786
2008,SLV,6131764,6336,6088,2933
2009,SLV,6157686,6178,5982,2858
2010,SLV,6183875,6281,6152,2983
2011,SLV,6210568,6493,6493,3266
2012,SLV,6237923,6646,6774,3428
2013,SLV,6266070,6764,7015,3510
2014,SLV,6295128,6848,7236,3589
2015,SLV,6325124,6979,7453,3706
2016,SLV,6356143,7119,7686,3800
2017,SLV,6388122,7247,7973,3902
2018,SLV,6420744,7393,8332,4058
2006,SMR,29700,85479,78464,70457
2007,SMR,30063,90468,85274,82772
2008,SMR,30434,90840,87290,90435
2009,SMR,30816,78208,75725,76686
2010,SMR,31229,73581,72075,68496
2011,SMR,31661,65726,65726,64890
2012,SMR,32105,59924,61073,56068
2013,SMR,32553,57307,59431,57303
2014,SMR,32948,56110,59291,54283
2015,SMR,33272,55897,59697,45775
2016,SMR,33504,56731,61251,46692
2017,SMR,33671,57297,63037,48495
2018,SMR,33785,,,
2006,SOM,10763905,,,
2007,SOM,11080121,,,
2008,SOM,11397188,,,
2009,SOM,11717692,,,
2010,SOM,12043883,,,
2011,SOM,12376302,,,
2012,SOM,12715510,,,
2013,SOM,13063706,,,298
2014,SOM,13423576,,,295
2015,SOM,13797201,,,293
2016,SOM,14185613,,,296
2017,SOM,14589119,,,309
2018,SOM,15008154,,,315
2006,SRB,7411569,11934,10199,4383
2007,SRB,7381579,12754,11225,5848
2008,SRB,7350222,13533,12632,7101
2009,SRB,7320807,13216,12537,6169
2010,SRB,7291436,13367,12797,5735
2011,SRB,7234099,13747,13747,6809
2012,SRB,7199077,13720,13934,6016
2013,SRB,7164132,14185,14629,6755
2014,SRB,7130576,14026,14660,6600
2015,SRB,7095383,14346,14922,5585
2016,SRB,7058322,14903,15615,5756
2017,SRB,7020858,15289,16433,6284
2018,SRB,6982604,16049,17435,7247
2006,SSD,7907406,,,
2007,SSD,8315139,,,
2008,SSD,8736939,3295,3167,1669
2009,SSD,9142259,3308,3203,1338
2010,SSD,9508364,3356,3287,1536
2011,SSD,9830698,3095,3095,1516
2012,SSD,10113647,1622,1653,1180
2013,SSD,10355036,1792,1859,1779
2014,SSD,10554883,1818,1921,1323
2015,SSD,10715658,1597,,1120
2016,SSD,10832512,,,
2017,SSD,10910759,,,
2018,SSD,10975920,,,
2006,STP,161681,2340,2148,883
2007,STP,166300,2349,2214,897
2008,STP,171120,2469,2373,1099
2009,STP,175876,2461,2383,1068
2010,STP,180371,2560,2507,1095
2011,STP,184524,2612,2612,1264
2012,STP,188404,2639,2689,1341
2013,STP,192087,2713,2813,1577
2014,STP,195727,2837,2997,1783
2015,STP,199432,2890,3086,1596
2016,STP,203227,2954,3189,1710
2017,STP,207089,3011,3313,1811
2018,STP,211028,3033,3419,2001
2006,SUR,505295,12477,11453,5198
2007,SUR,511181,12964,12220,5745
2008,SUR,517123,13346,12824,6832
2009,SUR,523111,13591,13159,7408
2010,SUR,529131,14131,13841,8256
2011,SUR,535179,14788,14788,8263
2012,SUR,541245,15016,15304,9201
2013,SUR,547291,15285,15852,9402
2014,SUR,553273,15159,16018,9472
2015,SUR,559143,14488,15473,8562
2016,SUR,564888,13543,14622,5605
2017,SUR,570496,13636,15002,5379
2018,SUR,575991,13763,15510,6234
2006,SVK,5373054,21755,18894,13160
2007,SVK,5374622,24104,21202,16086
2008,SVK,5379233,25426,23726,18677
2009,SVK,5386406,24007,23085,16532
2010,SVK,5391428,25357,25153,16727
2011,SVK,5398384,26050,26050,18338
2012,SVK,5407579,26499,26933,17460
2013,SVK,5413393,26648,27967,18237
2014,SVK,5418649,27355,28992,18671
2015,SVK,5423801,28646,29924,16309
2016,SVK,5430798,29217,30825,16506
2017,SVK,5439232,30059,32244,17510
2018,SVK,5446771,31226,33736,19443
2006,SVN,2006868,28280,25694,19673
2007,SVN,2018122,30086,27543,23788
2008,SVN,2021316,31092,29604,27483
2009,SVN,2039669,28487,27543,24694
2010,SVN,2048583,28744,27825,23510
2011,SVN,2052843,28931,28931,25095
2012,SVN,2057159,28109,29043,22643
2013,SVN,2059953,27782,29974,23497
2014,SVN,2061980,28523,30870,24215
2015,SVN,2063531,29131,31637,20882
2016,SVN,2065042,30018,33192,21623
2017,SVN,2066388,31449,36143,23443
2018,SVN,2073894,32728,38049,26124
2006,SWE,9080505,42830,37435,46278
2007,SWE,9148092,43972,40593,53341
2008,SWE,9219637,43525,41972,55904
2009,SWE,9298515,41328,40156,46794
2010,SWE,9378126,43513,42179,52817
2011,SWE,9449213,44504,44504,60613
2012,SWE,9519374,43897,45304,57874
2013,SWE,9600379,44000,46138,60897
2014,SWE,9696110,44762,47046,59844
2015,SWE,9799186,46250,48975,51397
2016,SWE,9923085,46774,49423,51974
2017,SWE,10057698,47261,51879,53744
2018,SWE,10175214,47718,53209,54608
2006,SWZ,1036092,7631,7005,3177
2007,SWZ,1042652,7920,7465,3327
2008,SWZ,1049945,7929,7620,3137
2009,SWZ,1057467,7996,7742,3386
2010,SWZ,1064837,8242,8074,4169
2011,SWZ,1072032,8371,8371,4497
2012,SWZ,1079288,8763,8931,4528
2013,SWZ,1086839,9038,9373,4230
2014,SWZ,1095021,9052,9566,4039
2015,SWZ,1104044,9186,9811,3690
2016,SWZ,1113984,9220,9954,3448
2017,SWZ,1124753,9316,10250,3953
2018,SWZ,1136191,9439,10638,4146
2006,SXM,33441,,,
2007,SXM,33811,,,
2008,SXM,33964,,,
2009,SXM,34238,32875,31832,
2010,SXM,34056,34109,33411,
2011,SXM,33435,36340,36340,
2012,SXM,34640,35564,36246,
2013,SXM,36607,34093,35356,
2014,SXM,37685,33641,35548,
2015,SXM,38825,32819,35050,
2016,SXM,39969,32018,34568,
2017,SXM,40574,28883,31776,
2018,SXM,40654,,,
2006,SYC,84600,19086,17520,12014
2007,SYC,85033,20968,19765,12155
2008,SYC,86956,20064,19280,11123
2009,SYC,87298,19765,19137,9707
2010,SYC,89770,20365,19948,10805
2011,SYC,87441,22557,22557,12189
2012,SYC,88303,22618,23052,12007
2013,SYC,89949,23540,24413,14766
2014,SYC,91359,24221,25594,14700
2015,SYC,93419,24857,26546,14745
2016,SYC,94677,25631,27673,15078
2017,SYC,95843,26416,29062,15684
2018,SYC,96762,27114,30557,16434
2006,SYR,19059258,,,1749
2007,SYR,19878254,,,2033
2008,SYR,20664038,,,
2009,SYR,21205873,,,
2010,SYR,21362529,,,
2011,SYR,21082966,,,
2012,SYR,20442541,,,
2013,SYR,19584274,,,
2014,SYR,18715672,,,
2015,SYR,17997408,,,
2016,SYR,17453933,,,
2017,SYR,17068002,,,
2018,SYR,16906283,,,
2006,TCA,29391,,,24562
2007,TCA,30385,,,25456
2008,TCA,31202,,,27648
2009,TCA,31934,,,22020
2010,TCA,32660,,,21028
2011,TCA,33377,19846,19846,21835
2012,TCA,34066,18952,19316,21010
2013,TCA,34731,18843,19542,21329
2014,TCA,35369,19744,20863,23296
2015,TCA,35981,20561,21959,24833
2016,TCA,36559,21126,22809,25995
2017,TCA,37115,21699,23873,25934
2018,TCA,37665,22512,25371,27142
2006,TCD,10457124,1738,1595,710
2007,TCD,10818024,1735,1635,799
2008,TCD,11183588,1729,1662,926
2009,TCD,11560147,1743,1688,800
2010,TCD,11952136,1915,1876,892
2011,TCD,12360989,1853,1853,983
2012,TCD,12784750,1951,1988,967
2013,TCD,13220424,1994,2068,980
2014,TCD,13663559,2062,2179,1019
2015,TCD,14110975,2052,2192,776
2016,TCD,14561666,1864,2013,693
2017,TCD,15016773,1754,1929,664
2018,TCD,15477751,1746,1968,728
2006,TGO,5762880,1161,1066,408
2007,TGO,5920359,1156,1090,449
2008,TGO,6083420,1171,1125,544
2009,TGO,6250835,1203,1164,538
2010,TGO,6421679,1242,1217,534
2011,TGO,6595943,1286,1286,586
2012,TGO,6773807,1335,1360,572
2013,TGO,6954721,1379,1431,621
2014,TGO,7137997,1424,1504,640
2015,TGO,7323158,1467,1567,571
2016,TGO,7509952,1510,1631,597
2017,TGO,7698475,1538,1692,625
2018,TGO,7889094,1574,1774,679
2006,THA,65812536,12027,11040,3370
2007,THA,66182067,12610,11886,3973
2008,THA,66530984,12760,12261,4380
2009,THA,66866839,12608,12208,4213
2010,THA,67195028,13489,13213,5076
2011,THA,67518382,13537,13537,5492
2012,THA,67835957,14450,14727,5861
2013,THA,68144501,14771,15319,6168
2014,THA,68438730,14852,15694,5952
2015,THA,68714511,15256,16294,5840
2016,THA,68971331,15710,16961,5979
2017,THA,69209858,16286,17917,6578
2018,THA,69428524,16905,19051,7274
2006,TJK,6922587,1807,1658,409
2007,TJK,7062672,1908,1799,527
2008,TJK,7209930,2017,1938,716
2009,TJK,7364753,2052,1987,676
2010,TJK,7527394,2138,2095,750
2011,TJK,7697510,2246,2246,847
2012,TJK,7874835,2360,2405,969
2013,TJK,8059769,2476,2568,1048
2014,TJK,8252833,2580,2727,1104
2015,TJK,8454028,2670,2852,929
2016,TJK,8663579,2785,3007,803
2017,TJK,8880268,2924,3217,806
2018,TJK,9100837,3061,3450,827
2006,TKL,,,,
2007,TKL,,,,
2008,TKL,,,,
2009,TKL,,,,
2010,TKL,,,,
2012,TKL,,,,
2013,TKL,,,,
2014,TKL,,,,
2015,TKL,,,,
2016,TKL,1400,,,7069
2017,TKL,1400,,,
2018,TKL,1400,,,
2006,TKM,4810109,7125,6540,2136
2007,TKM,4870141,7815,7366,2600
2008,TKM,4935767,8845,8499,3904
2009,TKM,5007954,9249,8955,4036
2010,TKM,5087213,9942,9739,4439
2011,TKM,5174085,11212,11212,5650
2012,TKM,5267900,12235,12470,6675
2013,TKM,5366375,13236,13726,7304
2014,TKM,5466328,14332,15145,7962
2015,TKM,5565287,14992,16012,6433
2016,TKM,5662372,15649,16895,6390
2017,TKM,5757669,16390,18032,6587
2018,TKM,5850908,17129,19304,6967
2006,TLS,1016432,9017,8277,2615
2007,TLS,1036392,9309,8775,2780
2008,TLS,1055431,10048,9656,4161
2009,TLS,1074277,9276,8981,2978
2010,TLS,1093523,9005,8821,3657
2011,TLS,1113151,9860,9860,5095
2012,TLS,1132994,10174,10369,5880
2013,TLS,1153295,8887,9216,4888
2014,TLS,1174331,6467,6833,3442
2015,TLS,1196302,7657,8178,2585
2016,TLS,1219288,7566,8169,2053
2017,TLS,1243261,6741,7416,2001
2018,TLS,1267972,6796,7658,2036
2006,TON,101706,4875,4475,2892
2007,TON,102581,4632,4366,2926
2008,TON,103379,4738,4553,3381
2009,TON,103890,4823,4670,3063
2010,TON,103986,4991,4889,3553
2011,TON,103562,5151,5151,4085
2012,TON,102737,5239,5340,4598
2013,TON,101768,5124,5314,4429
2014,TON,101028,5268,5567,4394
2015,TON,100781,5477,5850,4321
2016,TON,101133,5643,6092,3966
2017,TON,101998,5746,6322,4217
2018,TON,103197,5696,6420,4364
2006,TTO,1302561,29791,27346,14102
2007,TTO,1308451,31067,29283,16540
2008,TTO,1314443,31974,30725,21204
2009,TTO,1320930,30420,29454,14514
2010,TTO,1328147,31260,30620,16683
2011,TTO,1336178,30980,30980,19034
2012,TTO,1344817,31172,31770,19157
2013,TTO,1353700,31658,32831,20144
2014,TTO,1362342,31170,32937,20271
2015,TTO,1370328,31554,33699,18290
2016,TTO,1377564,29411,31754,16177
2017,TTO,1384072,28596,31461,16238
2018,TTO,1389858,28407,32015,17130
2006,TUN,10201214,9175,8422,3370
2007,TUN,10304726,9692,9136,3776
2008,TUN,10414433,9996,9606,4307
2009,TUN,10525694,10192,9868,4128
2010,TUN,10635244,10441,10227,4142
2011,TUN,10741880,10139,10139,4265
2012,TUN,10847002,10442,10643,4153
2013,TUN,10952951,10639,11033,4223
2014,TUN,11063201,10846,11460,4305
2015,TUN,11179949,10861,11599,3862
2016,TUN,11303946,10877,11743,3698
2017,TUN,11433443,10950,12047,3482
2018,TUN,11565204,11094,12503,3448
2006,TUR,68756810,17252,13621,8035
2007,TUR,69581848,17905,14849,9712
2008,TUR,70418604,17842,16054,10854
2009,TUR,71321399,16788,15490,9039
2010,TUR,72326988,17959,17426,10672
2011,TUR,73443863,19652,19652,11336
2012,TUR,74653016,20259,20617,11707
2013,TUR,75928564,21610,22269,12519
2014,TUR,77231907,22343,23967,12096
2015,TUR,78529409,23312,25626,10949
2016,TUR,79821724,23664,26150,10821
2017,TUR,81101892,25031,27916,10514
2018,TUR,82319724,25358,28069,9370
2006,TUV,10120,2911,2672,2263
2007,TUV,10221,3065,2889,2645
2008,TUV,10314,3280,3152,2937
2009,TUV,10424,3102,3003,2600
2010,TUV,10530,2987,2926,3022
2011,TUV,10633,3180,3180,3641
2012,TUV,10739,3028,3086,3508
2013,TUV,10857,3132,3248,3455
2014,TUV,10972,3141,3319,3399
2015,TUV,11099,3389,3619,3198
2016,TUV,11225,3453,3728,3256
2017,TUV,11370,3548,3904,3573
2018,TUV,11508,3593,4050,3701
2006,TZA,39548663,1977,1815,485
2007,TZA,40681414,2053,1935,553
2008,TZA,41853944,2109,2026,687
2009,TZA,43073834,2157,2089,695
2010,TZA,44346525,2228,2182,743
2011,TZA,45673338,2329,2329,781
2012,TZA,47052481,2363,2408,868
2013,TZA,48482266,2449,2540,970
2014,TZA,49959822,2537,2680,1030
2015,TZA,51482633,2613,2791,948
2016,TZA,53050790,2710,2926,966
2017,TZA,54663906,2809,3090,1005
2018,TZA,56318348,2875,3240,1061
2006,UGA,28571475,1353,1242,348
2007,UGA,29486338,1422,1340,417
2008,UGA,30431736,1497,1439,468
2009,UGA,31411096,1549,1500,578
2010,UGA,32428167,1585,1553,622
2011,UGA,33476919,1680,1680,603
2012,UGA,34559168,1690,1722,669
2013,UGA,35695246,1695,1757,689
2014,UGA,36912148,1722,1820,739
2015,UGA,38225453,1750,1869,709
2016,UGA,39647506,1767,1908,609
2017,UGA,41162465,1768,1945,632
2018,UGA,42723139,1808,2038,643
2006,UKR,46787750,7874,7228,2301
2007,UKR,46509350,8522,8033,3066
2008,UKR,46258200,8766,8424,3887
2009,UKR,46053300,7506,7267,2543
2010,UKR,45870700,7824,7664,2965
2011,UKR,45706100,8282,8282,3570
2012,UKR,45593300,8322,8482,3855
2013,UKR,45489600,8339,8648,4030
2014,UKR,45271947,8243,8711,3105
2015,UKR,45154029,7465,7972,2125
2016,UKR,45004645,7678,8290,2188
2017,UKR,44831135,7902,8694,2641
2018,UKR,44622516,8207,9249,3095
2006,URY,3325401,13508,12400,5888
2007,URY,3331749,14365,13540,7027
2008,URY,3340221,15356,14756,9091
2009,URY,3349676,15963,15456,9452
2010,URY,3359275,17159,16808,11992
2011,URY,3368934,17993,17993,14237
2012,URY,3378974,18575,18931,15172
2013,URY,3389439,19376,20094,16974
2014,URY,3400434,19939,21069,16832
2015,URY,3412009,19945,21301,15614
2016,URY,3424132,20210,21820,15387
2017,URY,3436646,20658,22728,16437
2018,URY,3449299,20916,23572,17278
2006,USA,298379912,50438,46299,46299
2007,USA,301231207,50898,47976,47976
2008,USA,304093966,50350,48383,48383
2009,USA,306771529,48644,47100,47100
2010,USA,309321666,49479,48467,48467
2011,USA,311556874,49883,49883,49883
2012,USA,313830990,50632,51603,51603
2013,USA,315993715,51209,53107,53107
2014,USA,318301008,52081,55033,55033
2015,USA,320635163,53188,56803,56803
2016,USA,322941311,53632,57904,57904
2017,USA,324985539,54471,59928,59928
2018,USA,326687501,55719,62795,62795
2006,UZB,26488250,4075,3740,654
2007,UZB,26868000,4398,4145,830
2008,UZB,27302800,4718,4534,1082
2009,UZB,27767400,5013,4854,1213
2010,UZB,28562400,5244,5136,1634
2011,UZB,29339400,5502,5502,1926
2012,UZB,29774500,5822,5933,2137
2013,UZB,30243200,6166,6395,2281
2014,UZB,30757700,6498,6866,2492
2015,UZB,31298900,6861,7328,2615
2016,UZB,31847900,7154,7724,2568
2017,UZB,32388600,7348,8085,1827
2018,UZB,32955400,7592,8556,1532
2006,VCT,108603,10048,9223,5625
2007,VCT,108518,10392,9795,6307
2008,VCT,108393,10569,10156,6416
2009,VCT,108287,10357,10028,6233
2010,VCT,108255,10013,9808,6293
2011,VCT,108316,9965,9965,6242
2012,VCT,108435,10092,10285,6390
2013,VCT,108622,10259,10639,6640
2014,VCT,108861,10361,10948,6685
2015,VCT,109148,10471,11183,6921
2016,VCT,109459,10639,11487,7075
2017,VCT,109827,10710,11783,7213
2018,VCT,110210,10903,12288,7361
2006,VEN,26850194,16383,15039,6833
2007,VEN,27247610,17558,16550,8454
2008,VEN,27635832,18225,17513,11433
2009,VEN,28031009,17392,16840,11765
2010,VEN,28439940,16887,16542,13825
2011,VEN,28888369,17319,17319,10955
2012,VEN,29362449,17998,18343,12986
2013,VEN,29783571,17982,18649,12457
2014,VEN,30045134,17131,18102,16054
2015,VEN,30081829,,,
2016,VEN,29846179,,,
2017,VEN,29390409,,,
2018,VEN,28870195,,,
2006,VGB,24023,,,
2007,VGB,25047,,,
2008,VGB,26097,,,
2009,VGB,27039,,,
2010,VGB,27794,,,
2011,VGB,28319,,,
2012,VGB,28650,,,
2013,VGB,28847,,,
2014,VGB,28989,,,
2015,VGB,29152,,,
2016,VGB,29355,,,
2017,VGB,29577,,,
2018,VGB,29802,,,
2006,VIR,108371,,,41561
2007,VIR,108339,,,44333
2008,VIR,108399,,,39207
2009,VIR,108405,,,38771
2010,VIR,108358,,,40043
2011,VIR,108292,,,39144
2012,VIR,108191,,,37850
2013,VIR,108044,,,34819
2014,VIR,107884,,,33573
2015,VIR,107710,,,34797
2016,VIR,107510,,,35932
2017,VIR,107268,,,35938
2018,VIR,106977,,,
2006,VNM,84617540,3630,3332,784
2007,VNM,85419591,3852,3631,906
2008,VNM,86243413,4032,3874,1149
2009,VNM,87092252,4208,4074,1217
2010,VNM,87967651,4433,4343,1318
2011,VNM,88871561,4662,4662,1525
2012,VNM,89802487,4856,4949,1735
2013,VNM,90753472,5066,5253,1887
2014,VNM,91714595,5312,5614,2030
2015,VNM,92677076,5608,5990,2085
2016,VNM,93638724,5896,6365,2192
2017,VNM,94596642,6233,6858,2366
2018,VNM,95540395,6609,7448,2567
2006,VUT,214370,2764,2538,2050
2007,VUT,219472,2840,2677,2399
2008,VUT,224704,2953,2837,2706
2009,VUT,230247,2977,2882,2650
2010,VUT,236211,2949,2889,2967
2011,VUT,242653,2906,2906,3265
2012,VUT,249499,2876,2931,3133
2013,VUT,256635,2851,2957,3124
2014,VUT,263888,2837,2998,3088
2015,VUT,271130,2767,2955,2802
2016,VUT,278330,2790,3012,2890
2017,VUT,285510,2839,3124,3082
2018,VUT,292680,2858,3221,3124
2006,WLF,,,,
2007,WLF,,,,
2008,WLF,,,,
2009,WLF,,,,
2010,WLF,,,,
2012,WLF,,,,
2013,WLF,,,,
2014,WLF,,,,
2015,WLF,,,,10938
2016,WLF,,,,
2017,WLF,,,,
2018,WLF,11700,,,
2006,WSM,180876,5477,5028,2797
2007,WSM,182046,5786,5454,3134
2008,WSM,183263,5806,5579,3379
2009,WSM,184556,5488,5314,3168
2010,WSM,185949,5473,5361,3566
2011,WSM,187469,5655,5655,3933
2012,WSM,189088,5377,5481,4022
2013,WSM,190717,5309,5506,4038
2014,WSM,192221,5272,5571,3938
2015,WSM,193513,5460,5832,4074
2016,WSM,194535,5869,6337,4109
2017,WSM,195352,5904,6495,4258
2018,WSM,196130,5753,6484,4183
2006,XKX,1719536,6962,6390,2237
2007,XKX,1733404,7409,6984,2686
2008,XKX,1747383,7544,7249,3255
2009,XKX,1761474,7753,7507,3210
2010,XKX,1775680,7945,7783,3283
2011,XKX,1791000,8222,8222,3737
2012,XKX,1805200,8387,8548,3601
2013,XKX,1824100,8586,8904,3877
2014,XKX,1821800,8702,9195,4055
2015,XKX,1801800,9158,9781,3574
2016,XKX,1816200,9456,10209,3697
2017,XKX,1830700,9777,10757,3948
2018,XKX,1845300,10070,11348,4302
2006,YEM,20687646,4265,3915,921
2007,YEM,21282515,4285,4039,1017
2008,YEM,21892146,4317,4149,1229
2009,YEM,22516460,4360,4221,1116
2010,YEM,23154855,4566,4473,1335
2011,YEM,23807588,3876,3876,1375
2012,YEM,24473178,3861,3935,1447
2013,YEM,25147109,3939,4085,1607
2014,YEM,25823485,3828,4046,1674
2015,YEM,26497889,3109,3320,1609
2016,YEM,27168210,2619,2828,1140
2017,YEM,27834821,2404,2645,963
2018,YEM,28498687,2285,2575,944
2006,ZAF,48489459,11465,10524,5602
2007,ZAF,49119759,11925,11240,6096
2008,ZAF,49779471,12142,11668,5761
2009,ZAF,50477011,11790,11416,5863
2010,ZAF,51216964,11973,11728,7329
2011,ZAF,52004172,12179,12179,8007
2012,ZAF,52834005,12253,12488,7501
2013,ZAF,53689236,12358,12816,6832
2014,ZAF,54545991,12388,13090,6433
2015,ZAF,55386367,12346,13185,5735
2016,ZAF,56203654,12215,13188,5273
2017,ZAF,57000451,12215,13438,6132
2018,ZAF,57779622,12145,13687,6374
2006,ZMB,12173514,2652,2434,1048
2007,ZMB,12502958,2798,2637,1124
2008,ZMB,12848530,2934,2820,1394
2009,ZMB,13215139,3116,3017,1160
2010,ZMB,13605984,3338,3270,1489
2011,ZMB,14023193,3419,3419,1673
2012,ZMB,14465121,3566,3635,1763
2013,ZMB,14926504,3631,3766,1879
2014,ZMB,15399753,3685,3894,1763
2015,ZMB,15879361,3678,3928,1338
2016,ZMB,16363507,3703,3998,1281
2017,ZMB,16853688,3718,4090,1535
2018,ZMB,17351822,3748,4224,1540
2006,ZWE,12155491,1894,1739,448
2007,ZWE,12255922,1810,1706,432
2008,ZWE,12379549,1475,1418,357
2009,ZWE,12526968,1633,1581,772
2010,ZWE,12697723,1928,1889,948
2011,ZWE,12894316,2168,2168,1094
2012,ZWE,13115131,2487,2535,1305
2013,ZWE,13350356,2492,2584,1430
2014,ZWE,13586681,2506,2649,1435
2015,ZWE,13814629,2509,2680,1445
2016,ZWE,14030390,2489,2687,1465
2017,ZWE,14236745,2568,2826,1602
2018,ZWE,14439018,2688,3030,2147
